Lieferant;EAN-Nummer;Bestellnummer;Vorgang;Jahr;Belegnummer;Bezeichnung 2;Liefertermin Belegposition;Artikelnummer;Referenznummer;Artikelmatchcode;Menge Belegposition;<Offene Menge (vorgangsbezogen);ME;Erfüllt Vorgang;Erfüllt Position;Wkz_Wert;Wkz_Bezeichnung;Preiskennzeichen;Besteuerungsart_Wert;Besteuerungsart_Bezeichnung;Artikelgruppe_Wert;Artikelgruppe_Bezeichnung
70001;;60001R0A7#B0;3667;2025;10004;60001R0A7#B0;14.02.2025;102588;;Klappe Komplett, Levante, Circle.Tech;1;1;Stk;Nein;Nein;EUR;Euro;Netto;2;EU mit UStID;300;Ersatzteile
70001;;60001R0A7#B0;3667;2025;10004;60001R0A7#B0;14.02.2025;102588;;Klappe Komplett, Levante, Circle.Tech;3;3;Stk;Nein;Nein;EUR;Euro;Netto;2;EU mit UStID;300;Ersatzteile
70001;;6000225A1#N;3674;2025;10011;6000225A1#N;28.02.2025;103103;;Glasscheibe Kochfeld Brera;10;6;Stk;Nein;Nein;EUR;Euro;Netto;2;EU mit UStID;300;Ersatzteile
70001;;6000225A1#N;3674;2025;10011;6000225A1#N;28.02.2025;103103;;Glasscheibe Kochfeld Brera;1;1;Stk;Nein;Nein;EUR;Euro;Netto;2;EU mit UStID;300;Ersatzteile
70001;;60000M3C2#X;3682;2025;10013;60000M3C2#X;12.03.2025;100788;;Klappe, Mod Quasar Fasteel, 90cm;1;1;Stk;Nein;Nein;EUR;Euro;Netto;2;EU mit UStID;300;Ersatzteile
70001;;60000Y7A2#I;3685;2025;10015;60000Y7A2#I;14.03.2025;103820;;Paneel Randabsaugung, Mod Mirabilia;1;1;Stk;Nein;Nein;EUR;Euro;Netto;2;EU mit UStID;300;Ersatzteile
70001;;105040199;3697;2025;10023;105040199;21.03.2025;100592;;Halogenstrahler, komplett, eckig;10;10;Stk;Nein;Nein;EUR;Euro;Netto;2;EU mit UStID;300;Ersatzteile
70001;;105080294;3704;2025;10027;105080294;14.03.2025;100637;;Schaltung komplett, Mod Mercurio;5;5;Stk;Nein;Nein;EUR;Euro;Netto;2;EU mit UStID;300;Ersatzteile
70001;8,03412E+12;CLEW90.E3P2#EUN490F;3723;2025;10043;Induktionskochfeld mit Absaugung 89x52cm -800m/h;26.03.2025;103379;;LEVEL ONE 90;3;3;Stk;Nein;Nein;EUR;Euro;Netto;2;EU mit UStID;51;Muldenlüfter
70001;;101290503;3728;2025;10048;50001Y140#N;02.05.2025;102634;;Lichtabdeckung seitlich, Mod Light;1;1;Stk;Nein;Nein;EUR;Euro;Netto;2;EU mit UStID;300;Ersatzteile
70001;8,03412E+12;CSWN54.E0P7#ZZZE461F;3730;2025;10049;Circle.Tech - Inselhaube - 600mł/h;14.04.2025;101916;;SOPHIE IS 54CM - MESSING ANTIK;1;1;Stk;Nein;Nein;EUR;Euro;Netto;2;EU mit UStID;190;Circle.Tech
70001;8,03412E+12;CPLN90.E23P2#ZZZN490F;3731;2025;10050;Wandhaube 90 cm Schwarz;28.04.2025;103216;;PLANE (PLUS) W 90 SCHWARZ;4;4;Stk;Nein;Nein;EUR;Euro;Netto;2;EU mit UStID;150;Design
70001;;30506025F#46;3743;2025;10059;30506025F#46 ersetzt durch 10506070T#46;16.05.2025;101825;;Gebläse, Kunststoff, 600mł/h, Virgola;5;5;Stk;Nein;Nein;EUR;Euro;Netto;2;EU mit UStID;300;Ersatzteile
70001;8034122713656#;KACL.457#NF;3745;2025;10153;KACL.457#NF;16.05.2025;102958;;Glasrahmen weiß Verso 55 Evo;1;1;Stk;Nein;Nein;EUR;Euro;Netto;2;EU mit UStID;300;Ersatzteile
70001;;60001I0B6#F;3743;2025;10059;60001I0B6#F;16.05.2025;103828;;Glasrahmen weiß Verso 55 Evo;1;1;Stk;Nein;Nein;EUR;Euro;Netto;2;EU mit UStID;300;Ersatzteile
70001;;60001I0B6#F;3743;2025;10059;60001I0B6#F;16.05.2025;103828;;Glasrahmen weiß Verso 55 Evo;5;3;Stk;Nein;Nein;EUR;Euro;Netto;2;EU mit UStID;300;Ersatzteile
70001;;30506025F#46;3743;2025;10059;30506025F#46 ersetzt durch 10506070T#46;16.05.2025;101825;;Gebläse, Kunststoff, 600mł/h, Virgola;5;5;Stk;Nein;Nein;EUR;Euro;Netto;2;EU mit UStID;300;Ersatzteile
70001;;60001Y0A1#8;3750;2025;10063;60001Y0A1#8;06.06.2025;103258;;Klappe für Cover 85 Bronze;1;1;Stk;Nein;Nein;EUR;Euro;Netto;2;EU mit UStID;300;Ersatzteile
70001;8,03412E+12;CPLN90.E23P2#ZZZI490F;3761;2025;10068;Wandhaube 90 cm Edelstahl;26.05.2025;103215;;PLANE (PLUS) W 90 EDELSTAHL;1;1;Stk;Nein;Nein;EUR;Euro;Netto;2;EU mit UStID;150;Design
70001;8,03412E+12;KACL.1042;3761;2025;10068;KACL.1042 Carbon.Zeo Microtech - regenerierbar;26.05.2025;103378;;UMLUFTFILTER MICROTECH - LEVEL;10;10;Stk;Nein;Nein;EUR;Euro;Netto;2;EU mit UStID;600;Zubehör
70001;;500021845#N+ 500021840#N0;3763;2025;10069;500021840#N0;04.07.2025;103074;;Tablethalter Shelf;1;1;Stk;Nein;Nein;EUR;Euro;Netto;2;EU mit UStID;300;Ersatzteile
70001;8,03412E+12;CLUI20.E0P1#NEUI491F;3764;2025;10070;Inselhaube 120 cm - Lichtleisten WEISS;30.07.2025;100184;;LUMEN IS 120;1;1;Stk;Nein;Nein;EUR;Euro;Netto;2;EU mit UStID;150;Design
70001;8,03412E+12;CUZQ76.06P8#ZZZC461F;3764;2025;10070;Induktionskochfeld mit Absaugung Umluft - 76cm;30.07.2025;103881;;ZERO EASY 76 - MATT  UMLUFT;20;20;Stk;Nein;Nein;EUR;Euro;Netto;2;EU mit UStID;51;Muldenlüfter
70001;8,03412E+12;CUZQ90.06P8#ZZZC461F;3764;2025;10070;Induktionskochfeld mit Absaugung Umluft - 84cm;30.07.2025;103880;;ZERO EASY 84 - MATT UMLUFT;20;20;Stk;Nein;Nein;EUR;Euro;Netto;2;EU mit UStID;51;Muldenlüfter
70001;8,03412E+12;CBRW75.00P8#ZZZC490F;3764;2025;10070;Induktionskochfeld mit Absaugung 75x51,5cm -800m/h;30.07.2025;103879;;BRERA 75 - MATT;5;5;Stk;Nein;Nein;EUR;Euro;Netto;2;EU mit UStID;51;Muldenlüfter
70001;8,03412E+12;P01F8842.00#ZZZN4EUF;3764;2025;10070;88x42cm mit Fernbedienung für Dunstabzug;30.07.2025;101693;;INDUKTIONSKOCHFELD 88CM - FERNBEDIENUNG AUSLAUF!!;5;5;Stk;Nein;Nein;EUR;Euro;Netto;2;EU mit UStID;52;Kochfelder
70001;8,03412E+12;CBRW90.00P8#ZZZC490F;3764;2025;10070;Induktionskochfeld mit Absaugung 89x51,5cm -800m/h;30.07.2025;103878;;BRERA 90 - MATT;12;12;Stk;Nein;Nein;EUR;Euro;Netto;2;EU mit UStID;51;Muldenlüfter
70001;8,03412E+12;CLEW90.E3P2#EUN490F;3764;2025;10070;Induktionskochfeld mit Absaugung 89x52cm -800m/h;30.07.2025;103379;;LEVEL ONE 90;4;4;Stk;Nein;Nein;EUR;Euro;Netto;2;EU mit UStID;51;Muldenlüfter
70001;8,03412E+12;CLEW90.E2P2#EUN490F;3764;2025;10070;Arbeitsplattenhaube 76,9cm - ohne Dekor - 800m/h;30.07.2025;103380;;LEVEL INVISIBLE 90;1;1;Stk;Nein;Nein;EUR;Euro;Netto;2;EU mit UStID;51;Muldenlüfter
70001;8,03412E+12;CVXN55.E0P2#ZZZF490F;3766;2025;10072;Wandhaube 55 cm Glasfront weiss;20.05.2025;103343;;VERSO 55 WEISS - EVO;1;1;Stk;Nein;Nein;EUR;Euro;Netto;2;EU mit UStID;150;Design
70001;;;3768;2025;10074;405010016#4;27.06.2025;103400;;Elektronik Virgola, 3 speed;5;5;Stk;Nein;Nein;EUR;Euro;Netto;2;EU mit UStID;300;Ersatzteile
70001;8,03412E+12;CUZQ76.06P8#ZZZC461F;3775;2025;10079;Induktionskochfeld mit Absaugung Umluft - 76cm;09.07.2025;103881;;ZERO EASY 76 - MATT  UMLUFT;99;99;Stk;Nein;Nein;EUR;Euro;Netto;2;EU mit UStID;51;Muldenlüfter
70001;;105059500;3778;2025;10081;105059500;18.07.2025;101437;;Antrieb (Motor) für Paneel, Mod Butterfly;5;5;Stk;Nein;Nein;EUR;Euro;Netto;2;EU mit UStID;300;Ersatzteile
70001;8,03412E+12;CUZQ90.06P8#ZZZC461F;3779;2025;10082;Induktionskochfeld mit Absaugung Umluft - 84cm;28.07.2025;103880;;ZERO EASY 84 - MATT UMLUFT;9;7;Stk;Nein;Nein;EUR;Euro;Netto;2;EU mit UStID;51;Muldenlüfter
70001;8,03412E+12;CBRW75.00P8#ZZZC490F;3779;2025;10082;Induktionskochfeld mit Absaugung 75x51,5cm -800m/h;28.07.2025;103879;;BRERA 75 - MATT;9;9;Stk;Nein;Nein;EUR;Euro;Netto;2;EU mit UStID;51;Muldenlüfter
70001;8,03412E+12;CBRW90.00P8#ZZZC490F;3779;2025;10082;Induktionskochfeld mit Absaugung 89x51,5cm -800m/h;28.07.2025;103878;;BRERA 90 - MATT;9;9;Stk;Nein;Nein;EUR;Euro;Netto;2;EU mit UStID;51;Muldenlüfter
70001;;101080121;3781;2025;10083;101080121;16.06.2025;100489;;Metallfettfilter für Plane 70cm;5;5;Stk;Nein;Nein;EUR;Euro;Netto;2;EU mit UStID;300;Ersatzteile
70001;8,03412E+12;;3785;2025;10086;Dunstabzugsmodul 90cm- schwarz - 800mł/h;07.07.2025;103853;;BROOKLYN DUNSTABZUG 90CM SCHWARZ;1;1;Stk;Nein;Nein;EUR;Euro;Netto;2;EU mit UStID;60;Elements
70001;8,03412E+12;CLTI20.E0P2#BRSN451F;3787;2025;10088;Inselhaube 120 cm Bronze;17.07.2025;103130;;LIGHT IS 120 BRONZE;1;1;Stk;Nein;Nein;EUR;Euro;Netto;2;EU mit UStID;150;Design
70001;8,03412E+12;KACL.1052#NF;3789;2025;10090;Ansatzelement 60cm Rechts/Links - KACL.1052#NF;28.07.2025;103855;;BROOKLYN ANSATZELEMENT 60CM SCHWARZ;2;2;Stk;Nein;Nein;EUR;Euro;Netto;2;EU mit UStID;600;Zubehör
70001;8,03412E+12;CPLN90.E21P2#ZZZH490F;3789;2025;10090;Wandhaube - 90 cm - Schwarz - 800 mł/h;28.07.2025;103905;;PLANE NO DROP W 90 SCHWARZ;2;2;Stk;Nein;Nein;EUR;Euro;Netto;2;EU mit UStID;150;Design
70001;8,03412E+12;CLEW90.E3P2#EUN490F;3800;2025;10099;Induktionskochfeld mit Absaugung 89x52cm -800m/h;09.07.2025;103379;;LEVEL ONE 90;1;1;Stk;Nein;Nein;EUR;Euro;Netto;2;EU mit UStID;51;Muldenlüfter
70001;;60001F3A1#Q;3803;2025;10101;60001F3A1#Q;19.09.2025;100852;;Glasscheibe, oben, Mod Flipper 85cm, schwarz satin;1;1;Stk;Nein;Nein;EUR;Euro;Netto;2;EU mit UStID;300;Ersatzteile
70001;8,03412E+12;CVJN60.E16P2#ZZZ3490F;3806;2025;10104;Einbauhaube 60cm Edelstahl;14.07.2025;102867;;VIRGOLA NRS 60 EDELSTAHL;1;1;Stk;Nein;Nein;EUR;Euro;Netto;2;EU mit UStID;121;Einbau NRS
70001;8,03412E+12;KACL.786#41F;3807;2025;10105;150er Anschluss;08.09.2025;101064;;EXTERN AWG  1.000;2;2;Stk;Nein;Nein;EUR;Euro;Netto;2;EU mit UStID;600;Zubehör
70001;8034122707686;KCVJN.00#3;4855;2025;10170;Schacht Move / Virgola teleskopierbar KCVJN.00#3;08.09.2025;101307;;SCHACHT MOVE/VIRGOLA EDELSTAHL 185+185 KCVJN.00#3;20;20;Stk;Nein;Nein;EUR;Euro;Netto;2;EU mit UStID;600;Z+X47+Q47+Q47:W47
70001;8,03412E+12;KCVJN.05#3;3807;2025;10105;Schacht Move / Virgola teleskopierbar KCVJN.05#3;08.09.2025;101792;;SCHACHT MOVE/VIRGOLA EDELSTAHL 270+320 KCVJN.05#3;50;50;Stk;Nein;Nein;EUR;Euro;Netto;2;EU mit UStID;600;Zubehör
70001;8,03412E+12;KCQAN.00#B;3807;2025;10105;KCQAN.00#B  Grund- und Teleskopschacht  WEISS;08.09.2025;102290;;SCHACHT WAND EXTRA BREIT - WEISS;10;10;Stk;Nein;Nein;EUR;Euro;Netto;2;EU mit UStID;600;Zubehör
70001;8,03412E+12;KACL.453#NF;3807;2025;10105;Ablagemodul 30cm schwarz für Monolith KACL.453#NF;08.09.2025;102900;;MONOLITH ABLAGE 30CM SCHWARZ;2;2;Stk;Nein;Nein;EUR;Euro;Netto;2;EU mit UStID;600;Zubehör
70001;8,03412E+12;CGRW50.E3P2#EUI490F;3807;2025;10105;Lüfterbaustein 50cm Edelstahl - EEK A+;08.09.2025;103272;;LÜFTERBAUSTEIN (PLUS) 50 GREEN TECH  - NEU 04-24;1;1;Stk;Nein;Nein;EUR;Euro;Netto;2;EU mit UStID;151;Einbau
70001;8,03412E+12;CVXN55.E0P2#ZZZF490F;3807;2025;10105;Wandhaube 55 cm Glasfront weiss;08.09.2025;103343;;VERSO 55 WEISS - EVO;8;8;Stk;Nein;Nein;EUR;Euro;Netto;2;EU mit UStID;150;Design
70001;8,03412E+12;CVXN85.E0P2#ZZZA490F;3807;2025;10105;Wandhaube 85 cm Glasfront grau;08.09.2025;103345;;VERSO 85 GRAU - EVO;8;8;Stk;Nein;Nein;EUR;Euro;Netto;2;EU mit UStID;150;Design
70001;8,03412E+12;KACL.557#N;3807;2025;10105;Verlängerung Inselhaube 1200mm Schwarz;08.09.2025;103358;;SCHACHT H1200 INSEL SCHWARZ  KACL.557#N;1;1;Stk;Nein;Nein;EUR;Euro;Netto;2;EU mit UStID;600;Zubehör
70001;8,03412E+12;KACL.958#NF;3807;2025;10105;Carbon.Zeo für kopffrei Hauben KACL.958#NF;08.09.2025;102286;;UMLUFTBOX - Kopffreihauben - SCHWARZ;20;20;Stk;Nein;Nein;EUR;Euro;Netto;2;EU mit UStID;600;Zubehör
70001;8,03412E+12;CQPN80.E0P2#ZZZN491F;3807;2025;10105;Wandhaube 80 cm. Glasfront schwarz;08.09.2025;100337;;QUASAR 80 SCHWARZ;1;1;Stk;Nein;Nein;EUR;Euro;Netto;2;EU mit UStID;150;Design
70001;8,03412E+12;103050103;3808;2025;10106;103050103;12.09.2025;102279;;Filter 206x139 103050103;2;2;Stk;Nein;Nein;EUR;Euro;Netto;2;EU mit UStID;300;Ersatzteile
70001;;60001I0B8#N;3808;2025;10106;60001I0B8#N;12.09.2025;103885;;Glasrahmen schwarz Verso 85;1;1;Stk;Nein;Nein;EUR;Euro;Netto;2;EU mit UStID;300;Ersatzteile
70001;8,03412E+12;P01F5851.00#ZZZN400F;3809;2025;10107;58x51cm - 7.400W mit Fernbedienung für Dunstabzug;08.09.2025;102829;;INDUKTIONSKOCHFELD 58CM - NEU - FERNBE EVTL UMBAU;1;1;Stk;Nein;Nein;EUR;Euro;Netto;2;EU mit UStID;52;Kochfelder
70001;8,03412E+12;CLTI20.E0P2#BRSN451F;3810;2025;10108;Inselhaube 120 cm Bronze;21.07.2025;103130;;LIGHT IS 120 BRONZE;5;5;Stk;Nein;Nein;EUR;Euro;Netto;2;EU mit UStID;150;Design
70001;8,03412E+12;CGIW50.E26P2#EUN490F;3813;2025;10110;Lüfterbaustein 50 cm - Schwarz- 800mł/h;08.09.2025;103228;;LÜFTERBAUSTEIN (PLUS) 50 SCHWARZ;15;15;Stk;Nein;Nein;EUR;Euro;Netto;2;EU mit UStID;151;Einbau
70001;8,03412E+12;CLUN90.E0P1#NEUI491F;3813;2025;10110;Wandhaube 90 cm - Lichtleiste in WEISS;08.09.2025;100182;;LUMEN W 90;5;5;Stk;Nein;Nein;EUR;Euro;Netto;2;EU mit UStID;150;Design
70001;8,03412E+12;CLUI90.E0P1#NEUI491F;3813;2025;10110;Inselhaube 90 cm - Lichtleisten in WEISS;08.09.2025;100187;;LUMEN IS 90;5;5;Stk;Nein;Nein;EUR;Euro;Netto;2;EU mit UStID;150;Design
70001;8,03412E+12;CQPN80.E0P2#ZZZN491F;3815;2025;10112;Wandhaube 80 cm. Glasfront schwarz;15.09.2025;100337;;QUASAR 80 SCHWARZ;3;3;Stk;Nein;Nein;EUR;Euro;Netto;2;EU mit UStID;150;Design
70001;8,03412E+12;KACL.786#41F;3815;2025;10112;150er Anschluss;15.09.2025;101064;;EXTERN AWG  1.000;2;2;Stk;Nein;Nein;EUR;Euro;Netto;2;EU mit UStID;600;Zubehör
70001;8,03412E+12;CVJN90.E23P2#ZZZN490F;3815;2025;10112;Wandhaube 90 cm schwarz - 800m3/h;15.09.2025;103115;;VIRGOLA NO-DROP TOUCH 90 SCHWARZ;2;2;Stk;Nein;Nein;EUR;Euro;Netto;2;EU mit UStID;151;Einbau
70001;8,03412E+12;CGIW70.E26P2#EUB490F;3815;2025;10112;Lüfterbaustein 70 cm - Weiß - 800mł/h;15.09.2025;103232;;LÜFTERBAUSTEIN (PLUS) 70 WEISS;10;10;Stk;Nein;Nein;EUR;Euro;Netto;2;EU mit UStID;151;Einbau
70001;8,03412E+12;CGRW50.E3P2#EUI490F;3815;2025;10112;Lüfterbaustein 50cm Edelstahl - EEK A+;15.09.2025;103272;;LÜFTERBAUSTEIN (PLUS) 50 GREEN TECH  - NEU 04-24;1;1;Stk;Nein;Nein;EUR;Euro;Netto;2;EU mit UStID;151;Einbau
70001;8,03412E+12;;3815;2025;10112;KACL.1039 Carbon.Zeo Microtech;15.09.2025;103348;;UMLUFTFILTER - CARBON.ZEO MICROTECH - KACL.1039;50;50;Stk;Nein;Nein;EUR;Euro;Netto;2;EU mit UStID;600;Zubehör
70001;8034122476704;CDCN60.E0P7#ZZZD461F;3815;2025;10163;Circle.Tech - Inselhaube - 600mł/h;15.09.2025;101921;;DAMA IS 60 - GRAU;3;2;Stk;Nein;Nein;EUR;Euro;Netto;2;EU mit UStID;190;Circle.Tech
70001;8034122476728;CDCN60.E0P7#ZZZU461F;3815;2025;10163;Circle.Tech - Inselhaube - 600mł/h;15.09.2025;101923;;DAMA IS 60 - KUPFER;3;2;Stk;Nein;Nein;EUR;Euro;Netto;2;EU mit UStID;190;Circle.Tech
70001;8,03412E+12;CLVI20.E1P7#ZZZ7461F;3815;2025;10112;Circle.Tech - Inselhaube - 600mł/h;15.09.2025;103393;;LEVANTE IS 120CM - GRAU ALL MATT- PLATTE SCHWARZ;3;3;Stk;Nein;Nein;EUR;Euro;Netto;2;EU mit UStID;190;Circle.Tech
70001;;60001R9A6#N;3816;2025;10113;60001R9A6#N;26.09.2025;102235;;Glasscheibe Induktionskochfeld Quantum;5;5;Stk;Nein;Nein;EUR;Euro;Netto;2;EU mit UStID;300;Ersatzteile
70001;;50001B232#B0;3816;2025;10113;50001B232#B0 neue Ausf.;26.09.2025;102033;;Keramikschale Marilyn Insel weiss;2;2;Stk;Nein;Nein;EUR;Euro;Netto;2;EU mit UStID;300;Ersatzteile
70001;;60000F4A1#X;3816;2025;10113;60000F4A1#X;26.09.2025;102019;;Paneel Randabsaugung Mira Insel Fasteel;1;1;Stk;Nein;Nein;EUR;Euro;Netto;2;EU mit UStID;300;Ersatzteile
70001;;30506065F#47;3821;2025;10114;30506065F#47;09.10.2025;102257;;Gebläse, Motor TANG SP T60;10;10;Stk;Nein;Nein;EUR;Euro;Netto;2;EU mit UStID;300;Ersatzteile
70001;8,03412E+12;103050102;3821;2025;10114;Aktivkohlefilter Typ A (1 Paar);09.10.2025;101115;;FILTER TYP A - 103050102;10;10;Stk;Nein;Nein;EUR;Euro;Netto;2;EU mit UStID;600;Zubehör
70001;;500016320#I;3821;2025;10114;500016320#I;09.10.2025;100746;;Kamin, Mod Aria + Flipper,NRS Edelstahl;1;1;Stk;Nein;Nein;EUR;Euro;Netto;2;EU mit UStID;300;Ersatzteile
70001;;500016320#I;3821;2025;10114;500016320#I;09.10.2025;100746;;Kamin, Mod Aria + Flipper,NRS Edelstahl;1;1;Stk;Nein;Nein;EUR;Euro;Netto;2;EU mit UStID;300;Ersatzteile
70001;8,03412E+12;KACL.1039;3823;2025;10115;KACL.1039 Carbon.Zeo Microtech;09.10.2025;103348;;UMLUFTFILTER - CARBON.ZEO MICROTECH - KACL.1039;8;8;Stk;Nein;Nein;EUR;Euro;Netto;2;EU mit UStID;600;Zubehör
70001;;60001I0B6#A;3823;2025;10115;60001I0B6#A;09.10.2025;103935;;Glasrahmen grau Verso 55 Evo;1;1;Stk;Nein;Nein;EUR;Euro;Netto;2;EU mit UStID;300;Ersatzteile
70001;;101080253;3823;2025;10115;101080253 Verso;09.10.2025;102013;;Metallfilter Edelstahl 355x182,5mm Verso 55+85cm;30;30;Stk;Nein;Nein;EUR;Euro;Netto;2;EU mit UStID;300;Ersatzteile
70001;8,03412E+12;KACL.934;3824;2025;10116;KACL.934 Umluftfilter Carbon.Zeo Move;17.10.2025;101084;;FILTER MOVE CARBON.ZEO;3;3;Stk;Nein;Nein;EUR;Euro;Netto;2;EU mit UStID;600;Zubehör
70001;;101120305;3824;2025;10116;101120305;17.10.2025;102450;;Schraube für Glasbodenträger, Move;10;10;Stk;Nein;Nein;EUR;Euro;Netto;2;EU mit UStID;300;Ersatzteile
70001;;60001I0B5#N;3824;2025;10116;60001I0B5#N;17.10.2025;103376;;Glasrahmen schwarz Verso 85;3;3;Stk;Nein;Nein;EUR;Euro;Netto;2;EU mit UStID;300;Ersatzteile
70001;;60001R9A6#N;3825;2025;10117;60001R9A6#N;17.10.2025;102235;;Glasscheibe Induktionskochfeld Quantum;2;2;Stk;Nein;Nein;EUR;Euro;Netto;2;EU mit UStID;300;Ersatzteile
70001;;KACL.750#2;3825;2025;10117;KACL.750#2;17.10.2025;103169;;Stellage LUX IS 90;1;1;Stk;Nein;Nein;EUR;Euro;Netto;2;EU mit UStID;300;Ersatzteile
70001;;105040239 MIT DYNAMIK;3825;2025;10117;105040239 MIT DYNAMIK;17.10.2025;102240;;LED Leuchte komplett rechteckig 1W 12V MIT DYNAMIK;20;20;Stk;Nein;Nein;EUR;Euro;Netto;2;EU mit UStID;300;Ersatzteile
70001;;105070294;3826;2025;10118;105070294;17.10.2025;102795;;Bedienfeld Induktion -  Sintesi, Quantum Pro;10;10;Stk;Nein;Nein;EUR;Euro;Netto;2;EU mit UStID;300;Ersatzteile
70001;;30506073F#49;3826;2025;10118;30506073F#49;17.10.2025;101434;;Gebläse, Kunststoff, 800mł/h, 150mm;75;75;Stk;Nein;Nein;EUR;Euro;Netto;2;EU mit UStID;300;Ersatzteile
70001;;500014904#I;3826;2025;10118;500014904#I;17.10.2025;100739;;Kamin, Mod Lumina Wand NRS, Edelstahl;1;1;Stk;Nein;Nein;EUR;Euro;Netto;2;EU mit UStID;300;Ersatzteile
70001;;500014915#I;3826;2025;10118;500014915#I;17.10.2025;100740;;Teleskop, Edelstahl, Mod Lumina, Plane Wand NRS;1;1;Stk;Nein;Nein;EUR;Euro;Netto;2;EU mit UStID;300;Ersatzteile
70001;;500014904#N;3826;2025;10118;500014904#N;17.10.2025;103805;;Kamin, Mod Lumina Wand NRS, Schwarz;1;1;Stk;Nein;Nein;EUR;Euro;Netto;2;EU mit UStID;300;Ersatzteile
70001;;500014915#N;3826;2025;10118;500014915#N;17.10.2025;103806;;Teleskop, Schwarz, Mod Lumina, Plane Wand NRS;1;1;Stk;Nein;Nein;EUR;Euro;Netto;2;EU mit UStID;300;Ersatzteile
70001;;500014904#I;3826;2025;10118;500014904#I;17.10.2025;100739;;Kamin, Mod Lumina Wand NRS, Edelstahl;2;2;Stk;Nein;Nein;EUR;Euro;Netto;2;EU mit UStID;300;Ersatzteile
70001;;500014915#I;3826;2025;10118;500014915#I;17.10.2025;100740;;Teleskop, Edelstahl, Mod Lumina, Plane Wand NRS;2;2;Stk;Nein;Nein;EUR;Euro;Netto;2;EU mit UStID;300;Ersatzteile
70001;;6000140A3#I;3827;2025;10119;6000140A3#I;24.10.2025;100810;;Glasscheibe unten, Mod Nuvola 90cm ( Glas weiß in;1;1;Stk;Nein;Nein;EUR;Euro;Netto;2;EU mit UStID;300;Ersatzteile
70001;;50000M378#F3;3827;2025;10119;50000M378#F3;24.10.2025;101526;;Ölauffangwanne Quasar 90cm;1;1;Stk;Nein;Nein;EUR;Euro;Netto;2;EU mit UStID;300;Ersatzteile
70001;;6000188A3#N;3827;2025;10119;6000188A3#N;24.10.2025;100832;;Lichtleiste, Front, Mod Lumina Insel, schwarz ( Bl;1;1;Stk;Nein;Nein;EUR;Euro;Netto;2;EU mit UStID;300;Ersatzteile
70001;8,03412E+12;CDDW90.E1P2#ZZZN400F;3828;2025;10120;Arbeitsplattenhaube 90cm / Front Glas schwarz;20.09.2025;100069;;DOWNDRAFT 90 SCHWARZ - HAUBENKÖRPER;1;1;Stk;Nein;Nein;EUR;Euro;Netto;2;EU mit UStID;150;Design
70001;8,03412E+12;CFPN55.E0P2#ZZZQ491F;3828;2025;10120;"Wandhaube 55 cm Glasfront schwarz ""satin look""";20.09.2025;100092;;FLIPPER 55 SCHWARZ;16;16;Stk;Nein;Nein;EUR;Euro;Netto;2;EU mit UStID;150;Design
70001;8,03412E+12;CFPN85.E0P2#ZZZQ491F;3828;2025;10120;"Wandhaube 85 cm Glasfront schwarz ""satin look""";20.09.2025;100097;;FLIPPER 85 SCHWARZ;16;16;Stk;Nein;Nein;EUR;Euro;Netto;2;EU mit UStID;150;Design
70001;8034122353739;CFPN85.E2P2#ZZZQ490F;4129;2025;10170;"Wandhaube 85 NRS cm Glasfront schwarz ""satin look""";20.09.2025;101609;;FLIPPER 85 NRS SCHWARZ;16;16;Stk;Nein;Nein;EUR;Euro;Netto;2;EU mit UStID;150;Design
70001;8,03412E+12;CLUI90.E0P1#NEUI491F;3828;2025;10120;Inselhaube 90 cm - Lichtleisten in WEISS;20.09.2025;100187;;LUMEN IS 90;5;5;Stk;Nein;Nein;EUR;Euro;Netto;2;EU mit UStID;150;Design
70001;8,03412E+12;CLMN90.00P2#NROI490F;3828;2025;10120;Wandhaube 90cm (800mł/h) mit schwarzer Glasblende;20.09.2025;100192;;LUMINA NRS W 90 SCHWARZ !! neuer Filter !!;4;4;Stk;Nein;Nein;EUR;Euro;Netto;2;EU mit UStID;120;NRS System
70001;8,03412E+12;CMON90.E0P2#ZZZI491F;3828;2025;10120;Wandhaube 90 cm Edelstahl;20.09.2025;100280;;MIZAR W 90;2;2;Stk;Nein;Nein;EUR;Euro;Netto;2;EU mit UStID;150;Design
70001;8,03412E+12;CMKN60.E0P2#ZZZN490F;3828;2025;10120;Flachlüfter 60cm Korpus Edelstahl Auszug schwarz;20.09.2025;100282;;MOVE 60 SCHWARZ neuer Filter;30;30;Stk;Nein;Nein;EUR;Euro;Netto;2;EU mit UStID;151;Einbau
70001;8034122347004;CENI66.E0P6#ZZZN441F;4123;2025;10163;E.ion - Inselhaube inkl. Carbon.Zeo Filter;20.09.2025;100414;;MARE IS 66 SCHWARZ;8;6;Stk;Nein;Nein;EUR;Euro;Netto;2;EU mit UStID;110;E.ion System
70001;8,03412E+12;KACL.786#41F;3828;2025;10120;150er Anschluss;20.09.2025;101064;;EXTERN AWG  1.000;2;2;Stk;Nein;Nein;EUR;Euro;Netto;2;EU mit UStID;600;Zubehör
70001;8,03412E+12;KACL.106;3828;2025;10120;für Einbaugerät Move / Virgola 60cm KACL.106;20.09.2025;101141;;GLASBODEN MOVE / VIRGOLA 60 KACL.106;30;30;Stk;Nein;Nein;EUR;Euro;Netto;2;EU mit UStID;600;Zubehör
70001;8,03412E+12;KCVJN.01#3;3828;2025;10120;Schacht Move / Virgola Höhe 120mm KCVJN.01#3;20.09.2025;101306;;SCHACHT MOVE / VIRGOLA H 120 KCVJN.01#3;20;20;Stk;Nein;Nein;EUR;Euro;Netto;2;EU mit UStID;600;Zubehör
70001;8,03412E+12;KCVJN.00#3;3828;2025;10120;Schacht Move / Virgola teleskopierbar KCVJN.00#3;20.09.2025;101307;;SCHACHT MOVE/VIRGOLA EDELSTAHL 185+185 KCVJN.00#3;30;30;Stk;Nein;Nein;EUR;Euro;Netto;2;EU mit UStID;600;Zubehör
70001;8,03412E+12;KCQAN.00#3;3828;2025;10120;KCQAN.00-3  Grund- und Teleskopschacht;20.09.2025;101316;;SCHACHT WAND EXTRA BREIT;50;50;Stk;Nein;Nein;EUR;Euro;Netto;2;EU mit UStID;600;Zubehör
70001;8034122354507;CAEI20.E0P2#ZZZB461F;4123;2025;10158;Deckenlüfter für Umluft inkl. Umluftfilter;20.09.2025;101560;;AURA 120;4;2;Stk;Nein;Nein;EUR;Euro;Netto;2;EU mit UStID;150;Design
70001;8,03412E+12;CZUN20.E0P2#ZZZI410F;3828;2025;10120;Wandhaube 120cm Edelstahl;20.09.2025;101660;;ZEUS PRO W 120;3;3;Stk;Nein;Nein;EUR;Euro;Netto;2;EU mit UStID;170;sonstige Hauben Serien
70001;8,03412E+12;CMKN20.E0P2#ZZZN490F;3828;2025;10120;Flachlüfter 120cm Korpus Edelstahl Auszug schwarz;20.09.2025;101661;;MOVE 120 SCHWARZ neuer Filter;2;2;Stk;Nein;Nein;EUR;Euro;Netto;2;EU mit UStID;151;Einbau
70001;8,03412E+12;KACL.108;3828;2025;10120;für Einbaugerät Move / Virgola 120cm KACL.108;20.09.2025;101663;;GLASBODEN MOVE / VIRGOLA 120 KACL.108;2;2;Stk;Nein;Nein;EUR;Euro;Netto;2;EU mit UStID;600;Zubehör
70001;8,03412E+12;KCVJN.05#3;3828;2025;10120;Schacht Move / Virgola teleskopierbar KCVJN.05#3;20.09.2025;101792;;SCHACHT MOVE/VIRGOLA EDELSTAHL 270+320 KCVJN.05#3;50;50;Stk;Nein;Nein;EUR;Euro;Netto;2;EU mit UStID;600;Zubehör
70001;8,03412E+12;CSWN54.E0P7#ZZZB461F;3828;2025;10120;Circle.Tech - Inselhaube - 600mł/h;20.09.2025;101912;;SOPHIE IS 54CM - WEISS;3;3;Stk;Nein;Nein;EUR;Euro;Netto;2;EU mit UStID;190;Circle.Tech
70001;8,03412E+12;CSWN54.E0P7#ZZZJ461F;3828;2025;10120;Circle.Tech - Inselhaube - 600mł/h;20.09.2025;101913;;SOPHIE IS 54CM - ANTHRAZIT;2;2;Stk;Nein;Nein;EUR;Euro;Netto;2;EU mit UStID;190;Circle.Tech
70001;8,03412E+12;CZPI80.E0P7#ZZZH461F;3828;2025;10120;Circle.Tech - Inselhaube - 600mł/h;20.09.2025;102075;;SPAZIO IS 180CM - SCHWARZ;6;6;Stk;Nein;Nein;EUR;Euro;Netto;2;EU mit UStID;190;Circle.Tech
70001;8,03412E+12;KCQAN.00#B;3828;2025;10120;KCQAN.00#B  Grund- und Teleskopschacht  WEISS;20.09.2025;102290;;SCHACHT WAND EXTRA BREIT - WEISS;10;10;Stk;Nein;Nein;EUR;Euro;Netto;2;EU mit UStID;600;Zubehör
70001;8,03412E+12;KACL.162#E4F;3828;2025;10120;Lampe 22cm LED 4200K - messing antik;20.09.2025;102304;;SOPHIE LAMPE 22CM - MESSING ANTIK;4;4;Stk;Nein;Nein;EUR;Euro;Netto;2;EU mit UStID;600;Zubehör
70001;8,03412E+12;KACL.341;3828;2025;10120;KACL.341 für 200er Durchmesser - 90°;20.09.2025;102318;;RUNDBOGEN 90° - 200MM;20;20;Stk;Nein;Nein;EUR;Euro;Netto;2;EU mit UStID;600;Zubehör
70001;8,03412E+12;CEQI75.E0P2#ZZZH490F;3828;2025;10120;Inselhaube 175cm schwarz;20.09.2025;102622;;ELLE IS 175  SCHWARZ;1;1;Stk;Nein;Nein;EUR;Euro;Netto;2;EU mit UStID;150;Design
70001;8,03412E+12;CVXN85.E1P2#ZZZN490F;3828;2025;10120;Wandhaube 85 cm Glas schwarz;20.09.2025;102638;;VERSO NRS 85 SCHWARZ;3;3;Stk;Nein;Nein;EUR;Euro;Netto;2;EU mit UStID;120;NRS System
70001;8,03412E+12;KACL.959;3828;2025;10120;KACL.959 Kohlefilter Verso NRS (Filterset);20.09.2025;102640;;FILTER NRS VERSO;20;20;Stk;Nein;Nein;EUR;Euro;Netto;2;EU mit UStID;600;Zubehör
70001;8,03412E+12;P01F5851.00#ZZZN400F;3828;2025;10120;58x51cm - 7.400W mit Fernbedienung für Dunstabzug;20.09.2025;102829;;INDUKTIONSKOCHFELD 58CM - NEU - FERNBE EVTL UMBAU;10;10;Stk;Nein;Nein;EUR;Euro;Netto;2;EU mit UStID;52;Kochfelder
70001;8,03412E+12;KACL.455#NF;3828;2025;10120;Ablagemodul 90cm schwarz für Monolith KACL.455#NF;20.09.2025;102898;;MONOLITH ABLAGE 90CM SCHWARZ;4;4;Stk;Nein;Nein;EUR;Euro;Netto;2;EU mit UStID;600;Zubehör
70001;8,03412E+12;CLUI75.E4P2#NEUI490F;3828;2025;10120;Inselhaube 175cm Edelstahl/Lichtleiste weiss;20.09.2025;102915;;LUMEN NRS IS 175  RECHTS  - !! NRS NEU !!;1;1;Stk;Nein;Nein;EUR;Euro;Netto;2;EU mit UStID;120;NRS System
70001;8,03412E+12;KACL.456#NF;3828;2025;10120;Wandregal 60cm für Dunstabzug Shelf - ohne Front;20.09.2025;102959;;SHELF REGAL 60 CUSTOMMADE KACL.456#NF;2;2;Stk;Nein;Nein;EUR;Euro;Netto;2;EU mit UStID;600;Zubehör
70001;8,03412E+12;CVXN85.E2P2#ZZZF491F;3828;2025;10120;Wandhaube 85 cm Glasfront weiss - Umluft;20.09.2025;103107;;VERSO EASY 85 WEISS;8;8;Stk;Nein;Nein;EUR;Euro;Netto;2;EU mit UStID;150;Design
70001;8,03412E+12;CFPN85.E7P2#ZZZQ490F;3828;2025;10120;Wandhaube 85 cm Glas schwarz satiniert;20.09.2025;103109;;FUSION 85 SCHWARZ;3;3;Stk;Nein;Nein;EUR;Euro;Netto;2;EU mit UStID;150;Design
70001;8,03412E+12;CVGN88.E0P7#ZZZQ461F;3828;2025;10120;Circle.Tech - Inselhaube - 600mł/h - Verde;20.09.2025;103110;;VOGUE IS 88cm - GRÜN;1;1;Stk;Nein;Nein;EUR;Euro;Netto;2;EU mit UStID;190;Circle.Tech
70001;8,03412E+12;CVJN90.E23P2#ZZZN490F;3828;2025;10120;Wandhaube 90 cm schwarz - 800m3/h;20.09.2025;103115;;VIRGOLA NO-DROP TOUCH 90 SCHWARZ;20;20;Stk;Nein;Nein;EUR;Euro;Netto;2;EU mit UStID;151;Einbau
70001;8,03412E+12;CVJN20.E23P2#ZZZN490F;3828;2025;10120;Wandhaube 120 cm schwarz - 800m3/h;20.09.2025;103116;;VIRGOLA NO-DROP TOUCH 120 SCHWARZ;1;1;Stk;Nein;Nein;EUR;Euro;Netto;2;EU mit UStID;151;Einbau
70001;8,03412E+12;CLTI80.E0P2#BRSN451F;3828;2025;10120;Inselhaube 180 cm Bronze;20.09.2025;103131;;LIGHT IS 180 BRONZE;4;4;Stk;Nein;Nein;EUR;Euro;Netto;2;EU mit UStID;150;Design
70001;8,03412E+12;CEUI75.E0P2#ZZZN490F;3828;2025;10120;Inselhaube 175 cm Schwarz;20.09.2025;103134;;EUROPA IS 175 BLACK;3;3;Stk;Nein;Nein;EUR;Euro;Netto;2;EU mit UStID;150;Design
70001;8,03412E+12;CPAW70.E1P1#ZZZN490F;3828;2025;10120;Lüfterbaustein 76 cm Schwarz -  800m3/h;20.09.2025;103135;;PARALLEL 70 SCHWARZ;1;1;Stk;Nein;Nein;EUR;Euro;Netto;2;EU mit UStID;151;Einbau
70001;8,03412E+12;CVJN90.E25P2#EUN490F;3828;2025;10120;Wandhaube 90 cm schwarz - 800m3/h;20.09.2025;103180;;VIRGOLA TOUCH 90 SCHWARZ;30;30;Stk;Nein;Nein;EUR;Euro;Netto;2;EU mit UStID;151;Einbau
70001;8,03412E+12;KCVJN.05#N;3828;2025;10120;Schacht Move / Virgola teleskopierbar KCVJN.05#N;20.09.2025;103207;;SCHACHT MOVE/VIRGOLA SCHWARZ 270+320 KCVJN.05#N;30;30;Stk;Nein;Nein;EUR;Euro;Netto;2;EU mit UStID;600;Zubehör
70001;8,03412E+12;CPLN90.E23P2#EUI490F;3828;2025;10120;Wandhaube 90 cm Edelstahl;20.09.2025;103215;;PLANE (PLUS) W 90 EDELSTAHL;1;1;Stk;Nein;Nein;EUR;Euro;Netto;2;EU mit UStID;150;Design
70001;8,03412E+12;CPLI90.E23P2#EUN490F;3828;2025;10120;Inselhaube 90 cm Schwarz;20.09.2025;103219;;PLANE (PLUS) IS 90 SCHWARZ;8;8;Stk;Nein;Nein;EUR;Euro;Netto;2;EU mit UStID;150;Design
70001;8,03412E+12;CGIW50.E26P2#EUB490F;3828;2025;10120;Lüfterbaustein 50 cm - Weiß - 800mł/h;20.09.2025;103229;;LÜFTERBAUSTEIN (PLUS) 50 WEISS;1;1;Stk;Nein;Nein;EUR;Euro;Netto;2;EU mit UStID;151;Einbau
70001;8,03412E+12;CGIW70.E26P2#EUI490F;3828;2025;10120;Lüfterbaustein 70 cm - Edelstahl - 800mł/h;20.09.2025;103230;;LÜFTERBAUSTEIN (PLUS) 70 EDELSTAHL *alt 100174 *;4;4;Stk;Nein;Nein;EUR;Euro;Netto;2;EU mit UStID;151;Einbau
70001;8,03412E+12;CGPW90.E3P2#EUI490F;3828;2025;10120;Lüfterbaustein 90 cm - Edelstahl - 800mł/h;20.09.2025;103236;;LÜFTERBAUSTEIN NO-DROP (PLUS) 90 EDELSTAHL;1;1;Stk;Nein;Nein;EUR;Euro;Netto;2;EU mit UStID;151;Einbau
70001;8,03412E+12;CGRW50.E3P2#EUI490F;3828;2025;10120;Lüfterbaustein 50cm Edelstahl - EEK A+;20.09.2025;103272;;LÜFTERBAUSTEIN (PLUS) 50 GREEN TECH  - NEU 04-24;4;4;Stk;Nein;Nein;EUR;Euro;Netto;2;EU mit UStID;151;Einbau
70001;8,03412E+12;CVJN60.E23P2#ZZZ3490F;3828;2025;10120;Wandhaube 60 cm Edelstahl- 800m3/h;20.09.2025;103318;;VIRGOLA NO-DROP TOUCH 60 EDELSTAHL;15;15;Stk;Nein;Nein;EUR;Euro;Netto;2;EU mit UStID;151;Einbau
70001;8,03412E+12;CVJN20.E23P2#ZZZ3490F;3828;2025;10120;Wandhaube 120 cm Edelstahl - 800m3/h;20.09.2025;103320;;VIRGOLA NO-DROP TOUCH 120 EDELSTAHL;1;1;Stk;Nein;Nein;EUR;Euro;Netto;2;EU mit UStID;151;Einbau
70001;8,03412E+12;CSMI90.E3P2#ZZZN400F;3828;2025;10120;Deckenlüfter 90cm schwarz - Haubenkörper;20.09.2025;103333;;STELLA (PLUS) 90 SCHWARZ;10;10;Stk;Nein;Nein;EUR;Euro;Netto;2;EU mit UStID;150;Design
70001;8,03412E+12;CMFI40.E14P2#EUI490F;3828;2025;10120;Inselhaube 40 cm Edelstahl;20.09.2025;103341;;MIRA (PLUS) IS 40 EDELSTAHL;2;2;Stk;Nein;Nein;EUR;Euro;Netto;2;EU mit UStID;150;Design
70001;8,03412E+12;CVXN55.E0P2#ZZZF490F;3828;2025;10120;Wandhaube 55 cm Glasfront weiss;20.09.2025;103343;;VERSO 55 WEISS - EVO;8;8;Stk;Nein;Nein;EUR;Euro;Netto;2;EU mit UStID;150;Design
70001;8,03412E+12;KACL.1039;3828;2025;10120;KACL.1039 Carbon.Zeo Microtech;20.09.2025;103348;;UMLUFTFILTER - CARBON.ZEO MICROTECH - KACL.1039;130;130;Stk;Nein;Nein;EUR;Euro;Netto;2;EU mit UStID;600;Zubehör
70001;8,03412E+12;CLVI20.E1P7#ZZZ7461F;3828;2025;10120;Circle.Tech - Inselhaube - 600mł/h;20.09.2025;103393;;LEVANTE IS 120CM - GRAU ALL MATT- PLATTE SCHWARZ;10;10;Stk;Nein;Nein;EUR;Euro;Netto;2;EU mit UStID;190;Circle.Tech
70001;8,03412E+12;KACL.1059;3828;2025;10120;KACL.1059 Luftweiche für Umluft - Ř150mm;20.09.2025;103819;;LUFTWEICHE - UMLUFT  Motorstutzen schwarz IT;6;6;Stk;Nein;Nein;EUR;Euro;Netto;2;EU mit UStID;600;Zubehör
70001;8,03412E+12;KACL.1055;3828;2025;10120;KACL.1055 Carbon.Zeo Microtech - regenerierbar;20.09.2025;103823;;UMLUFTFILTER MICROTECH - VERSO EASY;6;6;Stk;Nein;Nein;EUR;Euro;Netto;2;EU mit UStID;600;Zubehör
70001;8,03412E+12;KACL.1049;3828;2025;10120;KACL.1049 Carbon.Zeo Microtech - regenerierbar;20.09.2025;103825;;UMLUFTFILTER MICROTECH - DECKENLÜFTER 90CM;2;2;Stk;Nein;Nein;EUR;Euro;Netto;2;EU mit UStID;600;Zubehör
70001;8,03412E+12;CPOI90.E11P2#EUI490F;3828;2025;10120;Inselhaube 35 cm Edelstahl;20.09.2025;103833;;POLAR EVO IS 35 EDELSTAHL;1;1;Stk;Nein;Nein;EUR;Euro;Netto;2;EU mit UStID;150;Design
70001;8,03412E+12;KACL.1051#NF;3828;2025;10120;Ansatzelement 45cm Rechts/Links - KACL.1051#NF;20.09.2025;103854;;BROOKLYN ANSATZELEMENT 45CM SCHWARZ;2;2;Stk;Nein;Nein;EUR;Euro;Netto;2;EU mit UStID;600;Zubehör
70001;8,03412E+12;KACL.1063#NF;3828;2025;10120;Glashalter - schwarz KACL.1063#NF;20.09.2025;103858;;BROOKLYN GLASHALTER SCHWARZ;1;1;Stk;Nein;Nein;EUR;Euro;Netto;2;EU mit UStID;600;Zubehör
70001;8,03412E+12;KACL.456#NF;3828;2025;10120;Wandregal 60cm für Dunstabzug Shelf - ohne Front;20.09.2025;102959;;SHELF REGAL 60 CUSTOMMADE KACL.456#NF;2;2;Stk;Nein;Nein;EUR;Euro;Netto;2;EU mit UStID;600;Zubehör
70001;8,03412E+12;CLTI20.E0P2#NRSN451F;3828;2025;10120;Inselhaube 120 cm schwarz;20.09.2025;102625;;LIGHT IS 120 SCHWARZ;11;11;Stk;Nein;Nein;EUR;Euro;Netto;2;EU mit UStID;150;Design
70001;8,03412E+12;P01F7851.00#ZZZN400F;3828;2025;10120;78x51cm - 7.400W mit Fernbedienung für Dunstabzug;20.09.2025;102830;;INDUKTIONSKOCHFELD 78CM - NEU - FERNBE EVTL UMBAU;9;9;Stk;Nein;Nein;EUR;Euro;Netto;2;EU mit UStID;52;Kochfelder
70001;8,03412E+12;CVXN85.E2P2#ZZZN491F;3828;2025;10120;Wandhaube 85 cm Glasfront schwarz - Umluft;20.09.2025;103108;;VERSO EASY 85 SCHWARZ;32;32;Stk;Nein;Nein;EUR;Euro;Netto;2;EU mit UStID;150;Design
70001;8,03412E+12;;3828;2025;10120;Wandhaube 60 cm Edelstahl- 800m3/h;20.09.2025;103184;;VIRGOLA TOUCH 60 EDELSTAHL;5;5;Stk;Nein;Nein;EUR;Euro;Netto;2;EU mit UStID;151;Einbau
70001;8,03412E+12;;3828;2025;10120;Wandhaube 85 cm Glasfront schwarz;20.09.2025;103346;;VERSO 85 SCHWARZ - EVO;22;22;Stk;Nein;Nein;EUR;Euro;Netto;2;EU mit UStID;150;Design
70001;8,03412E+12;CMKN80.E0P2#ZZZN490F;3829;2025;10121;Flachlüfter 80cm Korpus Edelstahl Auszug schwarz;30.08.2025;101904;;MOVE 80 SCHWARZ neuer Filter;30;30;Stk;Nein;Nein;EUR;Euro;Netto;2;EU mit UStID;151;Einbau
70001;8,03412E+12;CMKN80.E0P2#ZZZF490F;3829;2025;10121;Flachlüfter 80cm Korpus Edelstahl Auszug weiß;30.08.2025;101905;;MOVE 80 WEIß neuer Filter;30;30;Stk;Nein;Nein;EUR;Euro;Netto;2;EU mit UStID;151;Einbau
70001;;KACL.1029#HF;3829;2025;10121;Seitenabschluss Shelf - Schwarz  KACL.1029#HF;30.08.2025;103313;;SHELF SEITENABSCHLUSS;10;10;Stk;Nein;Nein;EUR;Euro;Netto;2;EU mit UStID;600;Zubehör
70001;8,03412E+12;KCVJN.05#N;3829;2025;10121;Schacht Move / Virgola teleskopierbar KCVJN.05#N;30.08.2025;103207;;SCHACHT MOVE/VIRGOLA SCHWARZ 270+320 KCVJN.05#N;30;30;Stk;Nein;Nein;EUR;Euro;Netto;2;EU mit UStID;600;Zubehör
70001;8,03412E+12;CBRW90.00P8#ZZZC490F;3830;2025;10122;Induktionskochfeld mit Absaugung 89x51,5cm -800m/h;30.08.2025;103878;;BRERA 90 - MATT;10;10;Stk;Nein;Nein;EUR;Euro;Netto;2;EU mit UStID;51;Muldenlüfter
70001;8,03412E+12;KACL.1026;3830;2025;10122;Silence Kit für Monolith und Brera KACL.1026;30.08.2025;103076;;SILENCE KIT;10;10;Stk;Nein;Nein;EUR;Euro;Netto;2;EU mit UStID;600;Zubehör
70001;8,03412E+12;CLEW90.E3P2#EUN490F;3830;2025;10122;Induktionskochfeld mit Absaugung 89x52cm -800m/h;30.08.2025;103379;;LEVEL ONE 90;3;3;Stk;Nein;Nein;EUR;Euro;Netto;2;EU mit UStID;51;Muldenlüfter
70001;8,03412E+12;CLEW90.E2P2#EUN490F;3830;2025;10122;Arbeitsplattenhaube 76,9cm - ohne Dekor - 800m/h;30.08.2025;103380;;LEVEL INVISIBLE 90;3;3;Stk;Nein;Nein;EUR;Euro;Netto;2;EU mit UStID;51;Muldenlüfter
70001;8,03412E+12;CBKW90.00P8#EUN490F;3830;2025;10122;Dunstabzugsmodul 90cm- schwarz - 800mł/h;30.08.2025;103853;;BROOKLYN DUNSTABZUG 90CM SCHWARZ;4;4;Stk;Nein;Nein;EUR;Euro;Netto;2;EU mit UStID;60;Elements
70001;8,03412E+12;KACL.1051#NF;3830;2025;10122;Ansatzelement 45cm Rechts/Links - KACL.1051#NF;30.08.2025;103854;;BROOKLYN ANSATZELEMENT 45CM SCHWARZ;5;5;Stk;Nein;Nein;EUR;Euro;Netto;2;EU mit UStID;600;Zubehör
70001;8,03412E+12;KACL.1052#NF;3830;2025;10122;Ansatzelement 60cm Rechts/Links - KACL.1052#NF;30.08.2025;103855;;BROOKLYN ANSATZELEMENT 60CM SCHWARZ;2;2;Stk;Nein;Nein;EUR;Euro;Netto;2;EU mit UStID;600;Zubehör
70001;8,03412E+12;CVJN60.E29P2#EUN490F;3830;2025;10122;Einbauhaube 60cm Schwarz;30.08.2025;103323;;VIRGOLA TOUCH NRS 60 SCHWARZ;10;10;Stk;Nein;Nein;EUR;Euro;Netto;2;EU mit UStID;121;Einbau NRS
70001;8,03412E+12;CVJN90.E29P2#EUN490F;3830;2025;10122;Einbauhaube 90cm Schwarz;30.08.2025;103326;;VIRGOLA TOUCH NRS 90 SCHWARZ;10;10;Stk;Nein;Nein;EUR;Euro;Netto;2;EU mit UStID;121;Einbau NRS
70001;8,03412E+12;CLEW90.E3P2#EUC490F;3830;2025;10122;Induktionskochfeld mit Absaugung 89x52cm -800m/h;30.08.2025;103901;;LEVEL ONE 90 - MATT;4;4;Stk;Nein;Nein;EUR;Euro;Netto;2;EU mit UStID;51;Muldenlüfter
70001;8,03412E+12;KACL.1053#NF;3830;2025;10122;Ansatzelement 90cm Rechts/Links - KACL.1053#NF;30.08.2025;103856;;BROOKLYN ANSATZELEMENT 90CM SCHWARZ;1;1;Stk;Nein;Nein;EUR;Euro;Netto;2;EU mit UStID;600;Zubehör
70001;8,03412E+12;KACL.1060#NF;3830;2025;10122;Ansatzelement 60cm Hahnlochbo RE/LI - KACL.1060#NF;30.08.2025;103902;;BROOKLYN ANSATZELEMENT 60CM HAHNLOCH SCHWARZ;1;1;Stk;Nein;Nein;EUR;Euro;Netto;2;EU mit UStID;600;Zubehör
70001;8,03412E+12;KACL.1063#NF;3830;2025;10122;Glashalter - schwarz KACL.1063#NF;30.08.2025;103858;;BROOKLYN GLASHALTER SCHWARZ;2;2;Stk;Nein;Nein;EUR;Euro;Netto;2;EU mit UStID;600;Zubehör
70001;;105040182;3832;2025;10123;105040182;17.10.2025;102493;;LED Band, Mod Levante, 2700-5500°K, Dynamic Light;10;10;Stk;Nein;Nein;EUR;Euro;Netto;2;EU mit UStID;300;Ersatzteile
70001;;KACL.786#41F;3832;2025;10123;KACL.786#41F;17.10.2025;100907;;Gebläse extern, Evo Ausf., 1000cbm, Abluft 150mm;1;1;Stk;Nein;Nein;EUR;Euro;Netto;2;EU mit UStID;300;Ersatzteile
70001;;KACL.786#41F;3832;2025;10123;KACL.786#41F;17.10.2025;100907;;Gebläse extern, Evo Ausf., 1000cbm, Abluft 150mm;3;3;Stk;Nein;Nein;EUR;Euro;Netto;2;EU mit UStID;300;Ersatzteile
70001;;101080094;3832;2025;10123;101080094;17.10.2025;101727;;Metallfettfilter, 254x215,8 Top Downdraft;10;10;Stk;Nein;Nein;EUR;Euro;Netto;2;EU mit UStID;300;Ersatzteile
70001;;101078900;3832;2025;10123;101078900;17.10.2025;102478;;Metallfettfilter 27,4 x 274,5cm;1;1;Stk;Nein;Nein;EUR;Euro;Netto;2;EU mit UStID;300;Ersatzteile
70001;;101078900;3832;2025;10123;101078900;17.10.2025;102478;;Metallfettfilter 27,4 x 274,5cm;10;10;Stk;Nein;Nein;EUR;Euro;Netto;2;EU mit UStID;300;Ersatzteile
70001;;KACL.750#2;3832;2025;10123;KACL.750#2;17.10.2025;103169;;Stellage LUX IS 90;1;1;Stk;Nein;Nein;EUR;Euro;Netto;2;EU mit UStID;300;Ersatzteile
70001;;405020172#4;3832;2025;10123;405020172#4;17.10.2025;103946;;Elektronik komplett, Lüfterbaustein;1;1;Stk;Nein;Nein;EUR;Euro;Netto;2;EU mit UStID;300;Ersatzteile
70001;;405020172#4;3832;2025;10123;405020172#4;17.10.2025;103946;;Elektronik komplett, Lüfterbaustein;3;3;Stk;Nein;Nein;EUR;Euro;Netto;2;EU mit UStID;300;Ersatzteile
70001;8,03412E+12;CLUN60.E0P1#NEUI491F;3834;2025;10124;Wandhaube 60 cm - Lichtleiste in WEISS;22.09.2025;100180;;LUMEN W 60;3;3;Stk;Nein;Nein;EUR;Euro;Netto;2;EU mit UStID;150;Design
70001;8,03412E+12;CLUN90.E0P1#NEUI491F;3834;2025;10124;Wandhaube 90 cm - Lichtleiste in WEISS;22.09.2025;100182;;LUMEN W 90;10;10;Stk;Nein;Nein;EUR;Euro;Netto;2;EU mit UStID;150;Design
70001;8,03412E+12;CLUI90.E0P1#NEUI491F;3834;2025;10124;Inselhaube 90 cm - Lichtleisten in WEISS;22.09.2025;100187;;LUMEN IS 90;5;5;Stk;Nein;Nein;EUR;Euro;Netto;2;EU mit UStID;150;Design
70001;8,03412E+12;CLMN90.00P2#NROI490F;3834;2025;10124;Wandhaube 90cm (800mł/h) mit schwarzer Glasblende;22.09.2025;100192;;LUMINA NRS W 90 SCHWARZ !! neuer Filter !!;1;1;Stk;Nein;Nein;EUR;Euro;Netto;2;EU mit UStID;120;NRS System
70001;8,03412E+12;CLMI90.00P2#NEUI490F;3834;2025;10124;Inselhaube 90cm (800mł/h) mit Edelstahlblende;22.09.2025;100195;;LUMINA NRS IS 90 EDELSTAHL !! neuer Filter;1;1;Stk;Nein;Nein;EUR;Euro;Netto;2;EU mit UStID;120;NRS System
70001;8,03412E+12;CMON60.E0P2#ZZZI491F;3834;2025;10124;Wandhaube 60 cm Edelstahl;22.09.2025;100279;;MIZAR W 60;1;1;Stk;Nein;Nein;EUR;Euro;Netto;2;EU mit UStID;150;Design
70001;8,03412E+12;CQPN80.E0P2#ZZZN491F;3834;2025;10124;Wandhaube 80 cm. Glasfront schwarz;22.09.2025;100337;;QUASAR 80 SCHWARZ;4;4;Stk;Nein;Nein;EUR;Euro;Netto;2;EU mit UStID;150;Design
70001;8,03412E+12;103050091;3834;2025;10124;Aktivkohlefilter Typ C (1 Paar);22.09.2025;101117;;FILTER TYP C - 103050091;100;100;Stk;Nein;Nein;EUR;Euro;Netto;2;EU mit UStID;600;Zubehör
70001;8,03412E+12;KACL.106;3834;2025;10124;für Einbaugerät Move / Virgola 60cm KACL.106;22.09.2025;101141;;GLASBODEN MOVE / VIRGOLA 60 KACL.106;20;20;Stk;Nein;Nein;EUR;Euro;Netto;2;EU mit UStID;600;Zubehör
70001;8,03412E+12;KACL.107;3834;2025;10124;für Einbaugerät Move / Virgola  90cm KACL.107;22.09.2025;101142;;GLASBODEN MOVE / VIRGOLA 90 KACL.107;20;20;Stk;Nein;Nein;EUR;Euro;Netto;2;EU mit UStID;600;Zubehör
70001;8,03412E+12;KACL.815;3834;2025;10124;KACL.815 - Pflegetücher;22.09.2025;101177;;MAGIC STEEL;20;20;Stk;Nein;Nein;EUR;Euro;Netto;2;EU mit UStID;600;Zubehör
70001;8034122709611;KACL.796#4AF;4515;2025;10170;Außenwandgebläse Edelstahl 1.500mł/h KACL.796#4AF;22.09.2025;101636;;EXTERN AWG  1.500;1;1;Stk;Nein;Nein;EUR;Euro;Netto;2;EU mit UStID;600;Zubehör
70001;8,03412E+12;CLUI75.E0P2#NEUI490F;3834;2025;10124;Inselhaube 175cm Edelstahl/Lichtleiste weiss;22.09.2025;101684;;LUMEN IS 175  RECHTS * neuer Filter **;1;1;Stk;Nein;Nein;EUR;Euro;Netto;2;EU mit UStID;150;Design
70001;8,03412E+12;KACL.560#I;3834;2025;10124;Verlängerung Eckhaube ELIOS 850mm;22.09.2025;101795;;SCHACHT H850 - KACL.560#I  ELIOS;1;1;Stk;Nein;Nein;EUR;Euro;Netto;2;EU mit UStID;600;Zubehör
70001;8,03412E+12;KACL.935;3834;2025;10124;2 STÜCK (KACL.935);22.09.2025;101911;;FILTER CARBON.ZEO CIELO/AURA -2 STÜCK(Ab 14.02.15);10;10;Stk;Nein;Nein;EUR;Euro;Netto;2;EU mit UStID;600;Zubehör
70001;8,03412E+12;CSWN54.E0P7#ZZZA461F;3834;2025;10124;Circle.Tech - Inselhaube - 600mł/h;22.09.2025;101915;;SOPHIE IS 54CM - KUPFER ANTIK;1;1;Stk;Nein;Nein;EUR;Euro;Netto;2;EU mit UStID;190;Circle.Tech
70001;8,03412E+12;CSWN54.E0P7#ZZZE461F;3834;2025;10124;Circle.Tech - Inselhaube - 600mł/h;22.09.2025;101916;;SOPHIE IS 54CM - MESSING ANTIK;1;1;Stk;Nein;Nein;EUR;Euro;Netto;2;EU mit UStID;190;Circle.Tech
70001;8,03412E+12;CLVI20.E0P7#ZZZN461F;3834;2025;10124;Circle.Tech - Inselhaube - 600mł/h;22.09.2025;102132;;LEVANTE IS 120CM -GLAS SCHWARZ - PLATTE WEISS;5;5;Stk;Nein;Nein;EUR;Euro;Netto;2;EU mit UStID;190;Circle.Tech
70001;8,03412E+12;KCQAN.00#N;3834;2025;10124;KCQAN.00#N  Grund- und Teleskopschacht  SCHWARZ;22.09.2025;102298;;SCHACHT WAND EXTRA BREIT - SCHWARZ;100;100;Stk;Nein;Nein;EUR;Euro;Netto;2;EU mit UStID;600;Zubehör
70001;8,03412E+12;KACL.162#E4F;3834;2025;10124;Lampe 22cm LED 4200K - messing antik;22.09.2025;102304;;SOPHIE LAMPE 22CM - MESSING ANTIK;1;1;Stk;Nein;Nein;EUR;Euro;Netto;2;EU mit UStID;600;Zubehör
70001;8,03412E+12;CVXN85.E1P2#ZZZN490F;3834;2025;10124;Wandhaube 85 cm Glas schwarz;22.09.2025;102638;;VERSO NRS 85 SCHWARZ;3;3;Stk;Nein;Nein;EUR;Euro;Netto;2;EU mit UStID;120;NRS System
70001;8,03412E+12;CVXN85.E1P2#ZZZF490F;3834;2025;10124;Wandhaube 85 cm Glas weiß;22.09.2025;102639;;VERSO NRS 85 WEISS;2;2;Stk;Nein;Nein;EUR;Euro;Netto;2;EU mit UStID;120;NRS System
70001;8,03412E+12;CNUI40.E1P2#ZZZB400F;3834;2025;10124;Deckenlüfter 140cm weiss - LED / Schallgedämmt;22.09.2025;102646;;NUVOLA 140 LED EVO WEISS- HAUBENKÖRPER;1;1;Stk;Nein;Nein;EUR;Euro;Netto;2;EU mit UStID;150;Design
70001;8,03412E+12;CUZQ90.06P8#ZZZN461F;3834;2025;10124;Induktionskochfeld mit Absaugung Umluft - 84cm;22.09.2025;102887;;ZERO EASY 84 UMLUFT;10;10;Stk;Nein;Nein;EUR;Euro;Netto;2;EU mit UStID;51;Muldenlüfter
70001;8,03412E+12;CFPN85.E7P2#ZZZQ490F;3834;2025;10124;Wandhaube 85 cm Glas schwarz satiniert;22.09.2025;103109;;FUSION 85 SCHWARZ;8;8;Stk;Nein;Nein;EUR;Euro;Netto;2;EU mit UStID;150;Design
70001;8,03412E+12;CPLN90.E23P2#EUI490F;3834;2025;10124;Wandhaube 90 cm Edelstahl;22.09.2025;103215;;PLANE (PLUS) W 90 EDELSTAHL;1;1;Stk;Nein;Nein;EUR;Euro;Netto;2;EU mit UStID;150;Design
70001;8,03412E+12;CPLN20.E23P2#EUI490F;3834;2025;10124;Wandhaube 120 cm Edelstahl;22.09.2025;103221;;PLANE (PLUS) W 120 EDELSTAHL;1;1;Stk;Nein;Nein;EUR;Euro;Netto;2;EU mit UStID;150;Design
70001;8,03412E+12;CPLI90.E24P2#EUI490F;3834;2025;10124;Inselhaube 90 cm Edelstahl;22.09.2025;103239;;PLANE NRS (PLUS) IS 90 EDELSTAHL;1;1;Stk;Nein;Nein;EUR;Euro;Netto;2;EU mit UStID;120;NRS System
70001;8,03412E+12;;3834;2025;10124;Inselhaube 90 cm Schwarz;22.09.2025;103240;;PLANE NRS (PLUS) IS 90 SCHWARZ;3;3;Stk;Nein;Nein;EUR;Euro;Netto;2;EU mit UStID;120;NRS System
70001;8,03412E+12;CSMI90.E3P2#ZZZB400F;3834;2025;10124;Deckenlüfter 90cm weiss - Haubenkörper;22.09.2025;103331;;STELLA (PLUS) 90 WEISS;1;1;Stk;Nein;Nein;EUR;Euro;Netto;2;EU mit UStID;150;Design
70001;8,03412E+12;CSMI90.E3P2#ZZZI400F;3834;2025;10124;Deckenlüfter 90cm Edelstahl - Haubenkörper;22.09.2025;103332;;STELLA (PLUS) 90 EDELSTAHL;3;3;Stk;Nein;Nein;EUR;Euro;Netto;2;EU mit UStID;150;Design
70001;8,03412E+12;CSMI20.E3P2#ZZZB400F;3834;2025;10124;Deckenlüfter 120cm Weiss - Haubenkörper;22.09.2025;103334;;STELLA (PLUS) 120 WEISS;1;1;Stk;Nein;Nein;EUR;Euro;Netto;2;EU mit UStID;150;Design
70001;8,03412E+12;CMFI40.E14P2#EUN490F;3834;2025;10124;Inselhaube 40cm schwarz;22.09.2025;103336;;MIRA (PLUS) IS 40 BLACK;1;1;Stk;Nein;Nein;EUR;Euro;Netto;2;EU mit UStID;170;sonstige Hauben Serien
70001;8,03412E+12;CVXN55.E0P2#ZZZN490F;3834;2025;10124;Wandhaube 55 cm Glasfront schwarz;22.09.2025;103342;;VERSO 55 SCHWARZ - EVO;16;16;Stk;Nein;Nein;EUR;Euro;Netto;2;EU mit UStID;150;Design
70001;8,03412E+12;CVXN85.E0P2#ZZZF490F;3834;2025;10124;Wandhaube 85 cm Glasfront weiss;22.09.2025;103347;;VERSO 85 WEISS - EVO;8;8;Stk;Nein;Nein;EUR;Euro;Netto;2;EU mit UStID;150;Design
70001;8,03412E+12;KACL.1039;3834;2025;10124;KACL.1039 Carbon.Zeo Microtech;22.09.2025;103348;;UMLUFTFILTER - CARBON.ZEO MICROTECH - KACL.1039;50;50;Stk;Nein;Nein;EUR;Euro;Netto;2;EU mit UStID;600;Zubehör
70001;8,03412E+12;KACL.557#N;3834;2025;10124;Verlängerung Inselhaube 1200mm Schwarz;22.09.2025;103358;;SCHACHT H1200 INSEL SCHWARZ  KACL.557#N;1;1;Stk;Nein;Nein;EUR;Euro;Netto;2;EU mit UStID;600;Zubehör
70001;8,03412E+12;CPOI90.E11P2#EUI490F;3834;2025;10124;Inselhaube 35 cm Edelstahl;22.09.2025;103833;;POLAR EVO IS 35 EDELSTAHL;1;1;Stk;Nein;Nein;EUR;Euro;Netto;2;EU mit UStID;150;Design
70001;8,03412E+12;CDDW20.E1P2#ZZZN400F;3837;2025;10125;Arbeitsplattenhaube 120cm / Front Glas schwarz;22.09.2025;100065;;DOWNDRAFT 120 SCHWARZ - HAUBENKÖRPER;1;1;Stk;Nein;Nein;EUR;Euro;Netto;2;EU mit UStID;150;Design
70001;8,03412E+12;CLUI90.E0P1#NEUI491F;3837;2025;10125;Inselhaube 90 cm - Lichtleisten in WEISS;22.09.2025;100187;;LUMEN IS 90;4;4;Stk;Nein;Nein;EUR;Euro;Netto;2;EU mit UStID;150;Design
70001;8,03412E+12;CLMI90.00P2#NEUI490F;3837;2025;10125;Inselhaube 90cm (800mł/h) mit Edelstahlblende;22.09.2025;100195;;LUMINA NRS IS 90 EDELSTAHL !! neuer Filter;1;1;Stk;Nein;Nein;EUR;Euro;Netto;2;EU mit UStID;120;NRS System
70001;8,03412E+12;CMON60.E0P2#ZZZI491F;3837;2025;10125;Wandhaube 60 cm Edelstahl;22.09.2025;100279;;MIZAR W 60;1;1;Stk;Nein;Nein;EUR;Euro;Netto;2;EU mit UStID;150;Design
70001;8,03412E+12;CMON90.E0P2#ZZZI491F;3837;2025;10125;Wandhaube 90 cm Edelstahl;22.09.2025;100280;;MIZAR W 90;1;1;Stk;Nein;Nein;EUR;Euro;Netto;2;EU mit UStID;150;Design
70001;8,03412E+12;CMKN60.E0P2#ZZZN490F;3837;2025;10125;Flachlüfter 60cm Korpus Edelstahl Auszug schwarz;22.09.2025;100282;;MOVE 60 SCHWARZ neuer Filter;30;30;Stk;Nein;Nein;EUR;Euro;Netto;2;EU mit UStID;151;Einbau
70001;8,03412E+12;CMKN60.E0P2#ZZZF490F;3837;2025;10125;Flachlüfter 60cm Korpus Edelstahl Auszug weiß;22.09.2025;100283;;MOVE 60 WEIß neuer Filter;15;15;Stk;Nein;Nein;EUR;Euro;Netto;2;EU mit UStID;151;Einbau
70001;8,03412E+12;CMKN90.E0P2#ZZZN490F;3837;2025;10125;Flachlüfter 90cm Korpus Edelstahl Auszug schwarz;22.09.2025;100284;;MOVE 90 SCHWARZ neuer Filter;15;15;Stk;Nein;Nein;EUR;Euro;Netto;2;EU mit UStID;151;Einbau
70001;8,03412E+12;CQPN80.E0P2#ZZZN491F;3837;2025;10125;Wandhaube 80 cm. Glasfront schwarz;22.09.2025;100337;;QUASAR 80 SCHWARZ;1;1;Stk;Nein;Nein;EUR;Euro;Netto;2;EU mit UStID;150;Design
70001;8,03412E+12;CQPN90.E0P2#ZZZN491F;3837;2025;10125;Wandhaube 90 cm Glasfront schwarz;22.09.2025;100341;;QUASAR 90 SCHWARZ;10;10;Stk;Nein;Nein;EUR;Euro;Netto;2;EU mit UStID;150;Design
70001;8,03412E+12;KACL.934;3837;2025;10125;KACL.934 Umluftfilter Carbon.Zeo Move;22.09.2025;101084;;FILTER MOVE CARBON.ZEO;10;10;Stk;Nein;Nein;EUR;Euro;Netto;2;EU mit UStID;600;Zubehör
70001;8,03412E+12;KACL.921;3837;2025;10125;KACL.921 Kohlefilter in Metallfilterrahmen;22.09.2025;101105;;FILTER NRS PLANE;3;3;Stk;Nein;Nein;EUR;Euro;Netto;2;EU mit UStID;600;Zubehör
70001;8,03412E+12;103050102;3837;2025;10125;Aktivkohlefilter Typ A (1 Paar);22.09.2025;101115;;FILTER TYP A - 103050102;9;9;Stk;Nein;Nein;EUR;Euro;Netto;2;EU mit UStID;600;Zubehör
70001;8,03412E+12;KACL.789;3837;2025;10125;Umlenkstück für Deckenlüfter KACL.789;22.09.2025;101249;;UMLENKSTÜCK DECKENLÜFTER KACL.789;10;10;Stk;Nein;Nein;EUR;Euro;Netto;2;EU mit UStID;600;Zubehör
70001;8,03412E+12;KACL.510#I;3837;2025;10125;Verlängerung Wandhaube 700mm Lumen, Plane, Blade;22.09.2025;101278;;SCHACHT H700 - KACL.510#I LUMEN, PLANE, BLADE;1;1;Stk;Nein;Nein;EUR;Euro;Netto;2;EU mit UStID;600;Zubehör
70001;8,03412E+12;KACL.557#I;3837;2025;10125;Verlängerung Inselhaube 1200mm Edelstahl;22.09.2025;101298;;SCHACHT H1200 INSEL EDELSTAHL  KACL.557#I;1;1;Stk;Nein;Nein;EUR;Euro;Netto;2;EU mit UStID;600;Zubehör
70001;8,03412E+12;KACL.782#49F;3837;2025;10125;Flach für Deckenlüfter 800mł/h - KACL.782#49F EVO;22.09.2025;101327;;MOTOR FLACH 800 / DECKENLÜFTER KACL.782#49F  EVO !;25;25;Stk;Nein;Nein;EUR;Euro;Netto;2;EU mit UStID;600;Zubehör
70001;8,03412E+12;CAEI20.E0P2#ZZZB461F;3837;2025;10125;Deckenlüfter für Umluft inkl. Umluftfilter;22.09.2025;101560;;AURA 120;9;9;Stk;Nein;Nein;EUR;Euro;Netto;2;EU mit UStID;150;Design
70001;8,03412E+12;CSMI90.E1P2#ZZZB400F;3837;2025;10125;Deckenlüfter 90cm weiss - Haubenkörper;22.09.2025;101634;;STELLA 90 WEISS;2;2;Stk;Nein;Nein;EUR;Euro;Netto;2;EU mit UStID;150;Design
70001;8,03412E+12;KACL.796#4AF;3837;2025;10125;Außenwandgebläse Edelstahl 1.500mł/h KACL.796#4AF;22.09.2025;101636;;EXTERN AWG  1.500;1;1;Stk;Nein;Nein;EUR;Euro;Netto;2;EU mit UStID;600;Zubehör
70001;8,03412E+12;CMKN20.E0P2#ZZZN490F;3837;2025;10125;Flachlüfter 120cm Korpus Edelstahl Auszug schwarz;22.09.2025;101661;;MOVE 120 SCHWARZ neuer Filter;3;3;Stk;Nein;Nein;EUR;Euro;Netto;2;EU mit UStID;151;Einbau
70001;8,03412E+12;KACL.941;3837;2025;10125;Umluftbox Carbon.Zeo für kopffrei Hauben KACL.941;22.09.2025;101671;;UMLUFTBOX - Kopffreihauben - EDELSTAHL;50;50;Stk;Nein;Nein;EUR;Euro;Netto;2;EU mit UStID;600;Zubehör
70001;8,03412E+12;KACL.935;3837;2025;10125;2 STÜCK (KACL.935);22.09.2025;101911;;FILTER CARBON.ZEO CIELO/AURA -2 STÜCK(Ab 14.02.15);7;7;Stk;Nein;Nein;EUR;Euro;Netto;2;EU mit UStID;600;Zubehör
70001;8,03412E+12;CSWN54.E0P7#ZZZJ461F;3837;2025;10125;Circle.Tech - Inselhaube - 600mł/h;22.09.2025;101913;;SOPHIE IS 54CM - ANTHRAZIT;1;1;Stk;Nein;Nein;EUR;Euro;Netto;2;EU mit UStID;190;Circle.Tech
70001;8,03412E+12;CSWN54.E0P7#ZZZE461F;3837;2025;10125;Circle.Tech - Inselhaube - 600mł/h;22.09.2025;101916;;SOPHIE IS 54CM - MESSING ANTIK;1;1;Stk;Nein;Nein;EUR;Euro;Netto;2;EU mit UStID;190;Circle.Tech
70001;8,03412E+12;CVYI20.E0P7#ZZZI461F;3837;2025;10125;Circle.Tech - Inselhaube - 600mł/h;22.09.2025;101927;;VETRA IS 120CM - EDELSTAHL;2;2;Stk;Nein;Nein;EUR;Euro;Netto;2;EU mit UStID;190;Circle.Tech
70001;8,03412E+12;KACL.945;3837;2025;10125;KACL.945 Umluftbox für Muldenlüfter bis 1.000mł/h;22.09.2025;101946;;PIANO UMLUFTBOX KOMPAKT CARBON.ZEO - AUSLAUF;1;1;Stk;Nein;Nein;EUR;Euro;Netto;2;EU mit UStID;600;Zubehör
70001;8,03412E+12;103050093;3837;2025;10125;Aktivkohlefilter Typ G (1 Paar) 192mm;22.09.2025;102040;;FILTER TYP G  GREEN TECH - 103050093;4;4;Stk;Nein;Nein;EUR;Euro;Netto;2;EU mit UStID;600;Zubehör
70001;8034122477183;CLVI20.E0P7#ZZZF461F;3837;2025;10163;Circle.Tech - Inselhaube - 600mł/h;22.09.2025;102133;;LEVANTE IS 120CM -GLAS WEISS - PLATTE WEISS;2;2;Stk;Nein;Nein;EUR;Euro;Netto;2;EU mit UStID;190;Circle.Tech
70001;8,03412E+12;KACL.744#IF;3837;2025;10125;2 Edelstahlschalen für Indoorgarden -  KACL.744#IF;22.09.2025;102151;;PFLANZEN EDELSTAHLSCHALEN - SPAZIO 180;2;2;Stk;Nein;Nein;EUR;Euro;Netto;2;EU mit UStID;600;Zubehör
70001;8,03412E+12;KACL.745#IF;3837;2025;10125;Photosynthese Beleuchtung - KACL.745#IF;22.09.2025;102152;;PFLANZENLICHT - SPAZIO 180;2;2;Stk;Nein;Nein;EUR;Euro;Netto;2;EU mit UStID;600;Zubehör
70001;8,03412E+12;KACL.980;3837;2025;10125;best. aus 20 Kunstpflanzen u Steckschwamm KACL.980;22.09.2025;102194;;Deko Kräuter für Spazio;3;3;Stk;Nein;Nein;EUR;Euro;Netto;2;EU mit UStID;600;Zubehör
70001;8,03412E+12;KACL.953#BF;3837;2025;10125;Umluftbox Carbon.Zeo Deckenlüfter - KACL.953#BF;22.09.2025;102293;;UMLUFTBOX - DECKENLÜFTER - SEITLICH;2;2;Stk;Nein;Nein;EUR;Euro;Netto;2;EU mit UStID;600;Zubehör
70001;8,03412E+12;KACL.342;3837;2025;10125;KACL.342  200er Durchmesser;22.09.2025;102317;;RUNDROHR VERBINDUNGSSTÜCK 200MM;10;10;Stk;Nein;Nein;EUR;Euro;Netto;2;EU mit UStID;600;Zubehör
70001;8,03412E+12;CLVI20.E0P7#ZZZ7461F;3837;2025;10125;Circle.Tech - Inselhaube - 600mł/h;22.09.2025;102532;;LEVANTE IS 120CM -GLAS GRAU - PLATTE WEISS;1;1;Stk;Nein;Nein;EUR;Euro;Netto;2;EU mit UStID;190;Circle.Tech
70001;8,03412E+12;CVXN85.E1P2#ZZZN490F;3837;2025;10125;Wandhaube 85 cm Glas schwarz;22.09.2025;102638;;VERSO NRS 85 SCHWARZ;1;1;Stk;Nein;Nein;EUR;Euro;Netto;2;EU mit UStID;120;NRS System
70001;8,03412E+12;CNUI40.E1P2#ZZZI400F;3837;2025;10125;Deckenlüfter 140cm Edelstahl - LED / Schallgedämmt;22.09.2025;102645;;NUVOLA 140 LED EVO EDELSTAHL - HAUBENKÖRPER;1;1;Stk;Nein;Nein;EUR;Euro;Netto;2;EU mit UStID;150;Design
70001;8,03412E+12;CUZQ90.03P8#ZZZN460F;3837;2025;10125;Induktionskochfeld mit Absaugung 84x52cm - 600mł/h;22.09.2025;102770;;QUANTUM PRO;2;2;Stk;Nein;Nein;EUR;Euro;Netto;2;EU mit UStID;51;Muldenlüfter
70001;8034122901077;CUZQ76.06P8#ZZZN461F;4125;2025;10163;Induktionskochfeld mit Absaugung Umluft - 76cm;22.09.2025;103381;;ZERO EASY 76 UMLUFT;8;8;Stk;Nein;Nein;EUR;Euro;Netto;2;EU mit UStID;51;Muldenlüfter
70001;8034122900940;CUZQ90.06P8#ZZZN461F;4125;2025;10164;Induktionskochfeld mit Absaugung Umluft - 84cm;22.09.2025;102887;;ZERO EASY 84 UMLUFT;30;30;Stk;Nein;Nein;EUR;Euro;Netto;2;EU mit UStID;51;Muldenlüfter
70001;8,03412E+12;CVGN88.E0P7#ZZZQ461F;3837;2025;10125;Circle.Tech - Inselhaube - 600mł/h - Verde;22.09.2025;103110;;VOGUE IS 88cm - GRÜN;1;1;Stk;Nein;Nein;EUR;Euro;Netto;2;EU mit UStID;190;Circle.Tech
70001;8,03412E+12;CVGN88.E0P7#ZZZZ461F;3837;2025;10125;Circle.Tech - Inselhaube - 600mł/h - Grigio Ferro;22.09.2025;103112;;VOGUE IS 88cm - SCHWARZGRAU;1;1;Stk;Nein;Nein;EUR;Euro;Netto;2;EU mit UStID;190;Circle.Tech
70001;8,03412E+12;CPAW70.E1P1#ZZZN490F;3837;2025;10125;Lüfterbaustein 76 cm Schwarz -  800m3/h;22.09.2025;103135;;PARALLEL 70 SCHWARZ;2;2;Stk;Nein;Nein;EUR;Euro;Netto;2;EU mit UStID;151;Einbau
70001;8,03412E+12;;3837;2025;10125;Wandhaube 90 cm Edelstahl- 800m3/h;22.09.2025;103187;;VIRGOLA TOUCH 90 EDELSTAHL;2;2;Stk;Nein;Nein;EUR;Euro;Netto;2;EU mit UStID;151;Einbau
70001;8,03412E+12;CPLN90.E23P2#EUI490F;3837;2025;10125;Wandhaube 90 cm Edelstahl;22.09.2025;103215;;PLANE (PLUS) W 90 EDELSTAHL;1;1;Stk;Nein;Nein;EUR;Euro;Netto;2;EU mit UStID;150;Design
70001;8,03412E+12;CPLN20.E23P2#EUI490F;3837;2025;10125;Wandhaube 120 cm Edelstahl;22.09.2025;103221;;PLANE (PLUS) W 120 EDELSTAHL;1;1;Stk;Nein;Nein;EUR;Euro;Netto;2;EU mit UStID;150;Design
70001;8,03412E+12;CGIW50.E26P2#EUI490F;3837;2025;10125;Lüfterbaustein 50 cm - Edelstahl - 800mł/h;22.09.2025;103227;;LÜFTERBAUSTEIN (PLUS) 50 EDELSTAHL;1;1;Stk;Nein;Nein;EUR;Euro;Netto;2;EU mit UStID;151;Einbau
70001;8,03412E+12;CGIW70.E26P2#EUI490F;3837;2025;10125;Lüfterbaustein 70 cm - Edelstahl - 800mł/h;22.09.2025;103230;;LÜFTERBAUSTEIN (PLUS) 70 EDELSTAHL *alt 100174 *;2;2;Stk;Nein;Nein;EUR;Euro;Netto;2;EU mit UStID;151;Einbau
70001;8,03412E+12;CGIW70.E26P2#EUN490F;3837;2025;10125;Lüfterbaustein 70 cm - Schwarz - 800mł/h;22.09.2025;103231;;LÜFTERBAUSTEIN (PLUS) 70 SCHWARZ;2;2;Stk;Nein;Nein;EUR;Euro;Netto;2;EU mit UStID;151;Einbau
70001;;KACL.577#B;3837;2025;10125;Verlängerung Kopffreihaube 960mm Weiß;22.09.2025;103279;;SCHACHT H960 WAND KOPFFREI WEISS  KACL.577#B;1;1;Stk;Nein;Nein;EUR;Euro;Netto;2;EU mit UStID;600;Zubehör
70001;8,03412E+12;KACL.577#N;3837;2025;10125;Verlängerung Kopffreihaube 960mm Schwarz;22.09.2025;103321;;SCHACHT H960 WAND KOPFFREI SCHWARZ KACL.577#N;6;6;Stk;Nein;Nein;EUR;Euro;Netto;2;EU mit UStID;600;Zubehör
70001;8,03412E+12;CVJN90.E29P2#EU3490F;3837;2025;10125;Einbauhaube 90cm Edelstahl;22.09.2025;103324;;VIRGOLA TOUCH NRS 90 EDELSTAHL;4;4;Stk;Nein;Nein;EUR;Euro;Netto;2;EU mit UStID;121;Einbau NRS
70001;8,03412E+12;CMFI40.E14P2#EUI490F;3837;2025;10125;Inselhaube 40 cm Edelstahl;22.09.2025;103341;;MIRA (PLUS) IS 40 EDELSTAHL;1;1;Stk;Nein;Nein;EUR;Euro;Netto;2;EU mit UStID;150;Design
70001;8,03412E+12;CVXN55.E0P2#ZZZN490F;3837;2025;10125;Wandhaube 55 cm Glasfront schwarz;22.09.2025;103342;;VERSO 55 SCHWARZ - EVO;21;21;Stk;Nein;Nein;EUR;Euro;Netto;2;EU mit UStID;150;Design
70001;8,03412E+12;CVXN55.E0P2#ZZZF490F;3837;2025;10125;Wandhaube 55 cm Glasfront weiss;22.09.2025;103343;;VERSO 55 WEISS - EVO;3;3;Stk;Nein;Nein;EUR;Euro;Netto;2;EU mit UStID;150;Design
70001;8,03412E+12;CVXN55.E0P2#ZZZA490F;3837;2025;10125;Wandhaube 55 cm Glasfront grau;22.09.2025;103344;;VERSO 55 GRAU - EVO;3;3;Stk;Nein;Nein;EUR;Euro;Netto;2;EU mit UStID;150;Design
70001;8,03412E+12;CVXN85.E0P2#ZZZA490F;3837;2025;10125;Wandhaube 85 cm Glasfront grau;22.09.2025;103345;;VERSO 85 GRAU - EVO;12;12;Stk;Nein;Nein;EUR;Euro;Netto;2;EU mit UStID;150;Design
70001;8,03412E+12;;3837;2025;10125;Wandhaube 85 cm Glasfront schwarz;22.09.2025;103346;;VERSO 85 SCHWARZ - EVO;40;40;Stk;Nein;Nein;EUR;Euro;Netto;2;EU mit UStID;150;Design
70001;8,03412E+12;KACL.1059;3837;2025;10125;KACL.1059 Luftweiche für Umluft - Ř150mm;22.09.2025;103819;;LUFTWEICHE - UMLUFT  Motorstutzen schwarz IT;1;1;Stk;Nein;Nein;EUR;Euro;Netto;2;EU mit UStID;600;Zubehör
70001;8,03412E+12;KACL.1054;3837;2025;10125;KACL.1054 Carbon.Zeo Microtech - regenerierbar;22.09.2025;103822;;UMLUFTFILTER MICROTECH - MONOLITH / BRERA;13;13;Stk;Nein;Nein;EUR;Euro;Netto;2;EU mit UStID;600;Zubehör
70001;8,03412E+12;KACL.1055;3837;2025;10125;KACL.1055 Carbon.Zeo Microtech - regenerierbar;22.09.2025;103823;;UMLUFTFILTER MICROTECH - VERSO EASY;20;20;Stk;Nein;Nein;EUR;Euro;Netto;2;EU mit UStID;600;Zubehör
70001;8,03412E+12;KACL.1048;3837;2025;10125;KACL.1048 Carbon.Zeo Microtech - regenerierbar;22.09.2025;103824;;UMLUFTFILTER MICROTECH - CIRCLE.TECH SET;3;3;Stk;Nein;Nein;EUR;Euro;Netto;2;EU mit UStID;600;Zubehör
70001;8,03412E+12;KACL.1064#BF;3837;2025;10125;Luftauslass für Deckenhauben Innen / KACL.1064#BF;22.09.2025;103907;;LÜFTUNGSGITTER FÜR DECKENLÜFTER - WEISS;5;5;Stk;Nein;Nein;EUR;Euro;Netto;2;EU mit UStID;600;Zubehör
70001;;105070082;3838;2025;10126;105070082;30.10.2025;101556;;Hauptelektronik m Sender FB, 4-Stufen;3;3;Stk;Nein;Nein;EUR;Euro;Netto;2;EU mit UStID;300;Ersatzteile
70001;;60001G0A4#I1;3838;2025;10126;60001G0A4#I1;30.10.2025;102030;;Metallfettfilter Prisma 85-115 unten;1;1;Stk;Nein;Nein;EUR;Euro;Netto;2;EU mit UStID;300;Ersatzteile
70001;;60001G0A4#I1;3838;2025;10126;60001G0A4#I1;30.10.2025;102030;;Metallfettfilter Prisma 85-115 unten;5;5;Stk;Nein;Nein;EUR;Euro;Netto;2;EU mit UStID;300;Ersatzteile
70001;;105040804;3838;2025;10126;105040804;30.10.2025;103097;;LED Strip Shelf Grundmodul;15;15;Stk;Nein;Nein;EUR;Euro;Netto;2;EU mit UStID;300;Ersatzteile
70001;;105080909;3838;2025;10126;105080909;30.10.2025;102620;;Elektronik komplett, 4-Stufen, Move;10;10;Stk;Nein;Nein;EUR;Euro;Netto;2;EU mit UStID;300;Ersatzteile
70001;;105059522;3838;2025;10126;105059522;30.10.2025;102215;;Antriebsmotor - Hebemotor Levante;10;10;Stk;Nein;Nein;EUR;Euro;Netto;2;EU mit UStID;300;Ersatzteile
70001;;105059651;3838;2025;10126;105059651;30.10.2025;102564;;Kabelrolle mit Kabel für Levante;5;5;Stk;Nein;Nein;EUR;Euro;Netto;2;EU mit UStID;300;Ersatzteile
70001;;101080094;3838;2025;10126;101080094;30.10.2025;101727;;Metallfettfilter, 254x215,8 Top Downdraft;2;2;Stk;Nein;Nein;EUR;Euro;Netto;2;EU mit UStID;300;Ersatzteile
70001;;101080094;3838;2025;10126;101080094;30.10.2025;101727;;Metallfettfilter, 254x215,8 Top Downdraft;5;5;Stk;Nein;Nein;EUR;Euro;Netto;2;EU mit UStID;300;Ersatzteile
70001;;105070082;3838;2025;10126;105070082;30.10.2025;101556;;Hauptelektronik m Sender FB, 4-Stufen;1;1;Stk;Nein;Nein;EUR;Euro;Netto;2;EU mit UStID;300;Ersatzteile
70001;;105070161;3838;2025;10126;105070161;30.10.2025;102436;;Elektronik einzeln, 4-Stufen;1;1;Stk;Nein;Nein;EUR;Euro;Netto;2;EU mit UStID;300;Ersatzteile
70001;;101080240;3838;2025;10126;101080240;30.10.2025;101740;;Metallfettfilter, 274,5 x 274,5;6;6;Stk;Nein;Nein;EUR;Euro;Netto;2;EU mit UStID;300;Ersatzteile
70001;;308080408;3838;2025;10126;308080408;30.10.2025;102593;;Bedienelement für 4 Stufen Lüfterbaustein;1;1;Stk;Nein;Nein;EUR;Euro;Netto;2;EU mit UStID;300;Ersatzteile
70001;;103090107;3838;2025;10126;103090107;30.10.2025;100538;;Tastenfeldhalterung, 4-stufig, eckig;20;20;Stk;Nein;Nein;EUR;Euro;Netto;2;EU mit UStID;300;Ersatzteile
70001;;105080302;3838;2025;10126;105080302;30.10.2025;100638;;Schaltung komplett, runde Tasten, Mod Mercurio;7;7;Stk;Nein;Nein;EUR;Euro;Netto;2;EU mit UStID;300;Ersatzteile
70001;;103020102;3838;2025;10126;103020102;30.10.2025;100530;;Lampenabdeckung, Oval, Kunststoff;40;40;Stk;Nein;Nein;EUR;Euro;Netto;2;EU mit UStID;300;Ersatzteile
70001;;105040201;3838;2025;10126;105040201;30.10.2025;100593;;Halogenstrahler, 20W, rund;20;20;Stk;Nein;Nein;EUR;Euro;Netto;2;EU mit UStID;300;Ersatzteile
70001;;101079911;3838;2025;10126;101079911;30.10.2025;102597;;Metallfettfilter, Base, 278,8 x 206,5 Virgola;10;10;Stk;Nein;Nein;EUR;Euro;Netto;2;EU mit UStID;300;Ersatzteile
70001;;101080145;3838;2025;10126;101080145;30.10.2025;100500;;Metallfettfilter, 244,8 x 190,3mm;5;5;Stk;Nein;Nein;EUR;Euro;Netto;2;EU mit UStID;300;Ersatzteile
70001;;101080241;3838;2025;10126;101080241 identisch mit 101080128;30.10.2025;100506;;Metallfettfilter Base 32,6 x 28,9 - aktuell;10;10;Stk;Nein;Nein;EUR;Euro;Netto;2;EU mit UStID;300;Ersatzteile
70001;;KACL.937;3838;2025;10126;KACL.937 Umluftfilter Carbon.Zeo Move;30.10.2025;102270;;Ersatzfilter MOVE AKTIVKOHLE;5;5;Stk;Nein;Nein;EUR;Euro;Netto;2;EU mit UStID;300;Ersatzteile
70001;;10506070T#46;3838;2025;10126;10506070T#46;30.10.2025;100621;;Gebläse komplett, 600mł, Kunststoff;30;30;Stk;Nein;Nein;EUR;Euro;Netto;2;EU mit UStID;300;Ersatzteile
70001;;105070082;3838;2025;10126;105070082;30.10.2025;101556;;Hauptelektronik m Sender FB, 4-Stufen;1;1;Stk;Nein;Nein;EUR;Euro;Netto;2;EU mit UStID;300;Ersatzteile
70001;;105070218;3838;2025;10126;105070218;30.10.2025;101754;;Schaltelement (vorne) Lüfterbaustein Murano;1;1;Stk;Nein;Nein;EUR;Euro;Netto;2;EU mit UStID;300;Ersatzteile
70001;;308080300;3838;2025;10126;308080300;30.10.2025;101574;;Schaltelement vorn 4 Stufen eckige Tasten ohne Kab;1;1;Stk;Nein;Nein;EUR;Euro;Netto;2;EU mit UStID;300;Ersatzteile
70001;;105080865;3838;2025;10126;105080865;30.10.2025;102489;;Elektronik komplett Lumen, 4-Stufen;10;10;Stk;Nein;Nein;EUR;Euro;Netto;2;EU mit UStID;300;Ersatzteile
70001;;103050105;3838;2025;10126;FILTER TYP B - Vorgänger Version, 103050105;30.10.2025;100887;;Filter TYP B - Alt;1;1;Stk;Nein;Nein;EUR;Euro;Netto;2;EU mit UStID;600;Zubehör
70001;;6000217A2#B;3838;2025;10126;6000217A2#B;30.10.2025;102833;;Glasklappe unten, Nuvola 140, weiss;2;2;Stk;Nein;Nein;EUR;Euro;Netto;2;EU mit UStID;300;Ersatzteile
70001;;60001A8A4 - VERSION 3;3838;2025;10126;60001A8A4 - VERSION 3;30.10.2025;102207;;Glasscheibe oval, unten, Mod Mare, Zephiro Insel,;5;5;Stk;Nein;Nein;EUR;Euro;Netto;2;EU mit UStID;300;Ersatzteile
70001;;101210113;3838;2025;10126;101210113;30.10.2025;101764;;Dämpfer, Gasdruck, Flipper;15;15;Stk;Nein;Nein;EUR;Euro;Netto;2;EU mit UStID;300;Ersatzteile
70001;;105069568;3838;2025;10126;105069568;30.10.2025;101773;;Elektronikplatine (einzeln) 4-stufig Neu;1;1;Stk;Nein;Nein;EUR;Euro;Netto;2;EU mit UStID;300;Ersatzteile
70001;;105069568;3838;2025;10126;105069568;30.10.2025;101773;;Elektronikplatine (einzeln) 4-stufig Neu;2;2;Stk;Nein;Nein;EUR;Euro;Netto;2;EU mit UStID;300;Ersatzteile
70001;;KACL.937;3838;2025;10126;KACL.937 Umluftfilter Carbon.Zeo Move;30.10.2025;102270;;Ersatzfilter MOVE AKTIVKOHLE;10;10;Stk;Nein;Nein;EUR;Euro;Netto;2;EU mit UStID;300;Ersatzteile
70001;;105040243;3838;2025;10126;105040243;30.10.2025;101586;;LED Lampe, 1,5W 3200°K  kompl mit Fassung;30;30;Stk;Nein;Nein;EUR;Euro;Netto;2;EU mit UStID;300;Ersatzteile
70001;8,03412E+12;KACL.934;3838;2025;10126;KACL.934 Umluftfilter Carbon.Zeo Move;30.10.2025;101084;;FILTER MOVE CARBON.ZEO;2;2;Stk;Nein;Nein;EUR;Euro;Netto;2;EU mit UStID;600;Zubehör
70001;;105080202;3838;2025;10126;105080202;30.10.2025;100634;;Schiebeschaltung, Airmac Modelle;10;10;Stk;Nein;Nein;EUR;Euro;Netto;2;EU mit UStID;300;Ersatzteile
70001;;105032201;3838;2025;10126;105032201;30.10.2025;102793;;Induktionsspule -Basic4 Master 72.08040.001/Rechts;10;10;Stk;Nein;Nein;EUR;Euro;Netto;2;EU mit UStID;300;Ersatzteile
70001;;105032202;3838;2025;10126;105032202;30.10.2025;102794;;Induktionsspule - Basic4 Slave 72.08040.004/Links;10;10;Stk;Nein;Nein;EUR;Euro;Netto;2;EU mit UStID;300;Ersatzteile
70001;;105070294;3838;2025;10126;105070294;30.10.2025;102795;;Bedienfeld Induktion -  Sintesi, Quantum Pro;10;10;Stk;Nein;Nein;EUR;Euro;Netto;2;EU mit UStID;300;Ersatzteile
70001;8034122324876;CLUN90.E0P1#NEUI491F;4125;2025;10173;Wandhaube 90 cm - Lichtleiste in WEISS;24.10.2025;100182;;LUMEN W 90;10;10;Stk;Nein;Nein;EUR;Euro;Netto;2;EU mit UStID;150;Design
70001;8,03412E+12;CLUI90.E0P1#NEUI491F;3841;2025;10129;Inselhaube 90 cm - Lichtleisten in WEISS;24.10.2025;100187;;LUMEN IS 90;5;5;Stk;Nein;Nein;EUR;Euro;Netto;2;EU mit UStID;150;Design
70001;8,03412E+12;CLMI90.00P2#NEUI490F;3841;2025;10129;Inselhaube 90cm (800mł/h) mit Edelstahlblende;24.10.2025;100195;;LUMINA NRS IS 90 EDELSTAHL !! neuer Filter;2;2;Stk;Nein;Nein;EUR;Euro;Netto;2;EU mit UStID;120;NRS System
70001;8,03412E+12;CQPN60.E0P2#ZZZF491F;3841;2025;10129;Wandhaube 60 cm. Glasfront weiss;24.10.2025;100336;;QUASAR 60 WEISS;2;2;Stk;Nein;Nein;EUR;Euro;Netto;2;EU mit UStID;150;Design
70001;;103050105;3841;2025;10129;FILTER TYP B - Vorgänger Version, 103050105;24.10.2025;100887;;Filter TYP B - Alt;7;7;Stk;Nein;Nein;EUR;Euro;Netto;2;EU mit UStID;600;Zubehör
70001;8,03412E+12;KACL.786#41F;3841;2025;10129;150er Anschluss;24.10.2025;101064;;EXTERN AWG  1.000;5;5;Stk;Nein;Nein;EUR;Euro;Netto;2;EU mit UStID;600;Zubehör
70001;8,03412E+12;CZEI00.E0P2#ZZZI490F;3841;2025;10129;Grundelement Inselhaube Edelstahl;24.10.2025;101616;;ZENITH NRS INSEL GRUNDELEMENT;2;2;Stk;Nein;Nein;EUR;Euro;Netto;2;EU mit UStID;120;NRS System
70001;8,03412E+12;KACL.129;3841;2025;10129;KACL.129;24.10.2025;101621;;ZENITH GLASPANEEL INSEL 180 CM;2;2;Stk;Nein;Nein;EUR;Euro;Netto;2;EU mit UStID;600;Zubehör
70001;8,03412E+12;CNBI90.E2P2#ZZZI400F;3841;2025;10129;Deckenlüfter 90cm Edelstahl ohne Beleuchtung;24.10.2025;101633;;NUBE 90 EDELSTAHL - HAUBENKÖRPER;3;3;Stk;Nein;Nein;EUR;Euro;Netto;2;EU mit UStID;150;Design
70001;8,03412E+12;KACL.796#4AF;3841;2025;10129;Außenwandgebläse Edelstahl 1.500mł/h KACL.796#4AF;24.10.2025;101636;;EXTERN AWG  1.500;1;1;Stk;Nein;Nein;EUR;Euro;Netto;2;EU mit UStID;600;Zubehör
70001;8,03412E+12;KACL.939#BF;3841;2025;10129;Umluftbox Carbon.Zeo Deckenlüfter - KACL.939#BF;24.10.2025;101637;;UMLUFTBOX - DECKENLÜFTER - NACH UNTEN;3;3;Stk;Nein;Nein;EUR;Euro;Netto;2;EU mit UStID;600;Zubehör
70001;8,03412E+12;CMHN90.E3P2#ZZZI410F;3841;2025;10129;Wandhaube 90cm Edelstahl;24.10.2025;101657;;MARTE PRO W 90;4;4;Stk;Nein;Nein;EUR;Euro;Netto;2;EU mit UStID;170;sonstige Hauben Serien
70001;8,03412E+12;CMKN20.E0P2#ZZZN490F;3841;2025;10129;Flachlüfter 120cm Korpus Edelstahl Auszug schwarz;24.10.2025;101661;;MOVE 120 SCHWARZ neuer Filter;3;3;Stk;Nein;Nein;EUR;Euro;Netto;2;EU mit UStID;151;Einbau
70001;8,03412E+12;KACL.928;3841;2025;10129;KACL.928 Ersatzfilter für Umluft Box Deckenlüfter;24.10.2025;101670;;UMLUFTBOX - DECKENLÜFTER ERSATZFILTER auch EIONBOX;2;2;Stk;Nein;Nein;EUR;Euro;Netto;2;EU mit UStID;600;Zubehör
70001;8,03412E+12;KCVJN.05#3;3841;2025;10129;Schacht Move / Virgola teleskopierbar KCVJN.05#3;24.10.2025;101792;;SCHACHT MOVE/VIRGOLA EDELSTAHL 270+320 KCVJN.05#3;50;50;Stk;Nein;Nein;EUR;Euro;Netto;2;EU mit UStID;600;Zubehör
70001;8034122710938;KACL.943;4535;2025;10172;KACL.943 Ersatzfilter für Umluft Box Schräghauben;24.10.2025;101871;;UMLUFTBOX - Kopffreihauben ERSATZFILTER;1;1;Stk;Nein;Nein;EUR;Euro;Netto;2;EU mit UStID;600;Zubehör
70001;8034122710938;KACL.943;4542;2025;10170;KACL.943 Ersatzfilter für Umluft Box Schräghauben;24.10.2025;101871;;UMLUFTBOX - Kopffreihauben ERSATZFILTER;2;2;Stk;Nein;Nein;EUR;Euro;Netto;2;EU mit UStID;600;Zubehör
70001;8,03412E+12;CSWN54.E0P7#ZZZV461F;3841;2025;10129;Circle.Tech - Inselhaube - 600mł/h;24.10.2025;101914;;SOPHIE IS 54CM - ZINN;5;5;Stk;Nein;Nein;EUR;Euro;Netto;2;EU mit UStID;190;Circle.Tech
70001;8,03412E+12;CSWN54.E0P7#ZZZA461F;3841;2025;10129;Circle.Tech - Inselhaube - 600mł/h;24.10.2025;101915;;SOPHIE IS 54CM - KUPFER ANTIK;2;2;Stk;Nein;Nein;EUR;Euro;Netto;2;EU mit UStID;190;Circle.Tech
70001;8,03412E+12;CSWN54.E0P7#ZZZE461F;3841;2025;10129;Circle.Tech - Inselhaube - 600mł/h;24.10.2025;101916;;SOPHIE IS 54CM - MESSING ANTIK;4;4;Stk;Nein;Nein;EUR;Euro;Netto;2;EU mit UStID;190;Circle.Tech
70001;8,03412E+12;KACL.155#NF;3841;2025;10129;Außenrahmen Quantum 84 / Zero 84   KACL.155#NF;24.10.2025;101962;;RAHMEN QUANTUM SCHWARZ;10;10;Stk;Nein;Nein;EUR;Euro;Netto;2;EU mit UStID;600;Zubehör
70001;8034122476933;CLVI20.E0P7#ZZZN461F;3841;2025;10170;Circle.Tech - Inselhaube - 600mł/h;24.10.2025;102132;;LEVANTE IS 120CM -GLAS SCHWARZ - PLATTE WEISS;3;3;Stk;Nein;Nein;EUR;Euro;Netto;2;EU mit UStID;190;Circle.Tech
70001;8,03412E+12;KACL.742#HF;3841;2025;10129;Verlängerungsstangen Spazio Schwarz KACL.742#HF;24.10.2025;102536;;VERLÄNGERUNGSKIT SPAZIO 130 SCHWARZ 94,5CM;2;2;Stk;Nein;Nein;EUR;Euro;Netto;2;EU mit UStID;600;Zubehör
70001;8,03412E+12;CEQI75.E0P2#ZZZH490F;3841;2025;10129;Inselhaube 175cm schwarz;24.10.2025;102622;;ELLE IS 175  SCHWARZ;2;2;Stk;Nein;Nein;EUR;Euro;Netto;2;EU mit UStID;150;Design
70001;8,03412E+12;CLTI20.E0P2#NRSN451F;3841;2025;10129;Inselhaube 120 cm schwarz;24.10.2025;102625;;LIGHT IS 120 SCHWARZ;10;10;Stk;Nein;Nein;EUR;Euro;Netto;2;EU mit UStID;150;Design
70001;8,03412E+12;CVXN85.E1P2#ZZZN490F;3841;2025;10129;Wandhaube 85 cm Glas schwarz;24.10.2025;102638;;VERSO NRS 85 SCHWARZ;3;3;Stk;Nein;Nein;EUR;Euro;Netto;2;EU mit UStID;120;NRS System
70001;8,03412E+12;CVJN90.E17P2#ZZZN460F;3841;2025;10129;Wandhaube 90cm schwarz;24.10.2025;102651;;VIRGOLA 90 SCHWARZ ** neuer Filter **;10;10;Stk;Nein;Nein;EUR;Euro;Netto;2;EU mit UStID;151;Einbau
70001;8,03412E+12;CUZQ90.04P8#ZZZN461F;3841;2025;10129;Induktionskochfeld mit Absaugung UMLUFT;24.10.2025;102769;;QUANTUM PRO EASY - UMLUFT;4;4;Stk;Nein;Nein;EUR;Euro;Netto;2;EU mit UStID;51;Muldenlüfter
70001;8,03412E+12;CUZQ90.06P8#ZZZN461F;3841;2025;10129;Induktionskochfeld mit Absaugung Umluft - 84cm;24.10.2025;102887;;ZERO EASY 84 UMLUFT;12;12;Stk;Nein;Nein;EUR;Euro;Netto;2;EU mit UStID;51;Muldenlüfter
70001;8,03412E+12;KACL.458#3F;3841;2025;10129; KACL.458#3F Schale für Regalboden 90cm;24.10.2025;102960;;SHELF REGALBODEN-SCHALE 90 KACL.458#3F;3;3;Stk;Nein;Nein;EUR;Euro;Netto;2;EU mit UStID;600;Zubehör
70001;8,03412E+12;SCO5000U.00#SSF;3841;2025;10129;Spüle Edelstahl 500x400mm;24.10.2025;102967;;COMO 50  ED U;10;10;Stk;Nein;Nein;EUR;Euro;Netto;2;EU mit UStID;41;Spülen
70001;8,03412E+12;CVGN88.E0P7#ZZZZ461F;3841;2025;10129;Circle.Tech - Inselhaube - 600mł/h - Grigio Ferro;24.10.2025;103112;;VOGUE IS 88cm - SCHWARZGRAU;3;3;Stk;Nein;Nein;EUR;Euro;Netto;2;EU mit UStID;190;Circle.Tech
70001;8,03412E+12;CPAW70.E1P1#ZZZB490F;3841;2025;10129;Lüfterbaustein 76 cm Weiß -  800m3/h;24.10.2025;103136;;PARALLEL 70 WEISS;2;2;Stk;Nein;Nein;EUR;Euro;Netto;2;EU mit UStID;151;Einbau
70001;8,03412E+12;CPLN90.E23P2#EUI490F;3841;2025;10129;Wandhaube 90 cm Edelstahl;24.10.2025;103215;;PLANE (PLUS) W 90 EDELSTAHL;1;1;Stk;Nein;Nein;EUR;Euro;Netto;2;EU mit UStID;150;Design
70001;8,03412E+12;CGIW50.E26P2#EUI490F;3841;2025;10129;Lüfterbaustein 50 cm - Edelstahl - 800mł/h;24.10.2025;103227;;LÜFTERBAUSTEIN (PLUS) 50 EDELSTAHL;2;2;Stk;Nein;Nein;EUR;Euro;Netto;2;EU mit UStID;151;Einbau
70001;8,03412E+12;CGIW70.E26P2#EUI490F;3841;2025;10129;Lüfterbaustein 70 cm - Edelstahl - 800mł/h;24.10.2025;103230;;LÜFTERBAUSTEIN (PLUS) 70 EDELSTAHL *alt 100174 *;1;1;Stk;Nein;Nein;EUR;Euro;Netto;2;EU mit UStID;151;Einbau
70001;8,03412E+12;CGIW70.E26P2#EUN490F;3841;2025;10129;Lüfterbaustein 70 cm - Schwarz - 800mł/h;24.10.2025;103231;;LÜFTERBAUSTEIN (PLUS) 70 SCHWARZ;4;4;Stk;Nein;Nein;EUR;Euro;Netto;2;EU mit UStID;151;Einbau
70001;;KACL.577#B;3841;2025;10129;Verlängerung Kopffreihaube 960mm Weiß;24.10.2025;103279;;SCHACHT H960 WAND KOPFFREI WEISS  KACL.577#B;2;2;Stk;Nein;Nein;EUR;Euro;Netto;2;EU mit UStID;600;Zubehör
70001;8,03412E+12;CSMI90.E3P2#ZZZB400F;3841;2025;10129;Deckenlüfter 90cm weiss - Haubenkörper;24.10.2025;103331;;STELLA (PLUS) 90 WEISS;8;8;Stk;Nein;Nein;EUR;Euro;Netto;2;EU mit UStID;150;Design
70001;8,03412E+12;CSMI90.E3P2#ZZZI400F;3841;2025;10129;Deckenlüfter 90cm Edelstahl - Haubenkörper;24.10.2025;103332;;STELLA (PLUS) 90 EDELSTAHL;16;16;Stk;Nein;Nein;EUR;Euro;Netto;2;EU mit UStID;150;Design
70001;8,03412E+12;CSMI90.E3P2#ZZZN400F;3841;2025;10129;Deckenlüfter 90cm schwarz - Haubenkörper;24.10.2025;103333;;STELLA (PLUS) 90 SCHWARZ;8;8;Stk;Nein;Nein;EUR;Euro;Netto;2;EU mit UStID;150;Design
70001;8,03412E+12;CSMI20.E3P2#ZZZB400F;3841;2025;10129;Deckenlüfter 120cm Weiss - Haubenkörper;24.10.2025;103334;;STELLA (PLUS) 120 WEISS;1;1;Stk;Nein;Nein;EUR;Euro;Netto;2;EU mit UStID;150;Design
70001;8,03412E+12;CMFI40.E14P2#EUB490F;3841;2025;10129;Inselhaube 40cm weiss;24.10.2025;103338;;MIRA (PLUS) IS 40 WHITE;2;2;Stk;Nein;Nein;EUR;Euro;Netto;2;EU mit UStID;170;sonstige Hauben Serien
70001;8,03412E+12;CMFI40.E14P2#EUI490F;3841;2025;10129;Inselhaube 40 cm Edelstahl;24.10.2025;103341;;MIRA (PLUS) IS 40 EDELSTAHL;3;3;Stk;Nein;Nein;EUR;Euro;Netto;2;EU mit UStID;150;Design
70001;8,03412E+12;CVXN55.E0P2#ZZZF490F;3841;2025;10129;Wandhaube 55 cm Glasfront weiss;24.10.2025;103343;;VERSO 55 WEISS - EVO;8;8;Stk;Nein;Nein;EUR;Euro;Netto;2;EU mit UStID;150;Design
70001;8,03412E+12;KACL.1039;3841;2025;10129;KACL.1039 Carbon.Zeo Microtech;24.10.2025;103348;;UMLUFTFILTER - CARBON.ZEO MICROTECH - KACL.1039;50;50;Stk;Nein;Nein;EUR;Euro;Netto;2;EU mit UStID;600;Zubehör
70001;8,03412E+12;KACL.1055;3841;2025;10129;KACL.1055 Carbon.Zeo Microtech - regenerierbar;24.10.2025;103823;;UMLUFTFILTER MICROTECH - VERSO EASY;3;3;Stk;Nein;Nein;EUR;Euro;Netto;2;EU mit UStID;600;Zubehör
70001;;101079900;3843;2025;10131;101079900 identisch mit 101080119;31.10.2025;100477;;Metallfettfilter Base 23,5 x 24,5 101079900;10;10;Stk;Nein;Nein;EUR;Euro;Netto;2;EU mit UStID;300;Ersatzteile
70001;;105080379;3843;2025;10131;105080379;31.10.2025;100647;;Elektronik komplett (für Fernbedienung);2;2;Stk;Nein;Nein;EUR;Euro;Netto;2;EU mit UStID;300;Ersatzteile
70001;;60001N6A3#B;3843;2025;10131;60001N6A3#B Dama-Soffio-Loop weiss;31.10.2025;101988;;Glasklappe rund weiss Soffio;3;3;Stk;Nein;Nein;EUR;Euro;Netto;2;EU mit UStID;300;Ersatzteile
70001;;60000Q4B2#N;3843;2025;10131;60000Q4B2#N;31.10.2025;103803;;Kamin, Insel, schwarz, 320x260;1;1;Stk;Nein;Nein;EUR;Euro;Netto;2;EU mit UStID;300;Ersatzteile
70001;;60001I0A4#N;3843;2025;10131;60001I0A4#N;31.10.2025;102103;;Glasklappe schwarz Verso 85;1;1;Stk;Nein;Nein;EUR;Euro;Netto;2;EU mit UStID;300;Ersatzteile
70001;;60001I0A4#N;3843;2025;10131;60001I0A4#N;31.10.2025;102103;;Glasklappe schwarz Verso 85;2;2;Stk;Nein;Nein;EUR;Euro;Netto;2;EU mit UStID;300;Ersatzteile
70001;;101280411;3843;2025;10131;101280411;31.10.2025;102449;;Glasbodenträger, Move, ohne Schraube;20;20;Stk;Nein;Nein;EUR;Euro;Netto;2;EU mit UStID;300;Ersatzteile
70001;;101120305;3843;2025;10131;101120305;31.10.2025;102450;;Schraube für Glasbodenträger, Move;25;25;Stk;Nein;Nein;EUR;Euro;Netto;2;EU mit UStID;300;Ersatzteile
70001;;60001I0B5#N;3843;2025;10131;60001I0B5#N;31.10.2025;103376;;Glasrahmen schwarz Verso 85;2;2;Stk;Nein;Nein;EUR;Euro;Netto;2;EU mit UStID;300;Ersatzteile
70001;;60001I0B5#N;3843;2025;10131;60001I0B5#N;31.10.2025;103376;;Glasrahmen schwarz Verso 85;1;1;Stk;Nein;Nein;EUR;Euro;Netto;2;EU mit UStID;300;Ersatzteile
70001;;6000316A1#N;3843;2025;10131;6000316A1#N;31.10.2025;103955;;Glasscheibe Induktionskochfeld 90 PLUS schwarz;1;1;Stk;Nein;Nein;EUR;Euro;Netto;2;EU mit UStID;300;Ersatzteile
70001;8,03412E+12;CFPN85.E0P2#ZZZF491F;3847;2025;10136;"Wandhaube 85 cm Glasfront weiss ""satin look""";27.10.2025;100098;;FLIPPER 85 WEISS;8;8;Stk;Nein;Nein;EUR;Euro;Netto;2;EU mit UStID;150;Design
70001;8,03412E+12;CGBN90.00#RAAJ461F;3847;2025;10136;Wandhaube 90 cm, Stahlkörper anthrazit lackiert;27.10.2025;100104;;GINEVRA BOSTON 90 AN;6;6;Stk;Nein;Nein;EUR;Euro;Netto;2;EU mit UStID;170;sonstige Hauben Serien
70001;8,03412E+12;CLUN20.E0P1#NEUI491F;3847;2025;10136;Wandhaube 120 cm - Lichtleiste in WEISS;27.10.2025;100178;;LUMEN W 120;1;1;Stk;Nein;Nein;EUR;Euro;Netto;2;EU mit UStID;150;Design
70001;8,03412E+12;CLMN90.00P2#NEUI490F;3847;2025;10136;Wandhaube 90cm (800mł/h) mit Edelstahlblende;27.10.2025;100191;;LUMINA NRS W 90 EDELSTAHL !! neuer Filter !;1;1;Stk;Nein;Nein;EUR;Euro;Netto;2;EU mit UStID;120;NRS System
70001;8,03412E+12;CMKN90.E0P2#ZZZN490F;3847;2025;10136;Flachlüfter 90cm Korpus Edelstahl Auszug schwarz;27.10.2025;100284;;MOVE 90 SCHWARZ neuer Filter;30;30;Stk;Nein;Nein;EUR;Euro;Netto;2;EU mit UStID;151;Einbau
70001;8,03412E+12;CQPN20.E0P2#ZZZN491F;3847;2025;10136;Wandhaube 120 cm - Glasfront schwarz;27.10.2025;100333;;QUASAR 120 SCHWARZ;2;2;Stk;Nein;Nein;EUR;Euro;Netto;2;EU mit UStID;150;Design
70001;8,03412E+12;CQPN20.E0P2#ZZZF491F;3847;2025;10136;Wandhaube 120 - Glasfront weiss;27.10.2025;100334;;QUASAR 120 WEISS - AUSLAUF;3;3;Stk;Nein;Nein;EUR;Euro;Netto;2;EU mit UStID;150;Design
70001;8034122331317;CPLN90.E5P2#ZZZI491F;3847;2025;10173;Wandhaube 90 cm Edelstahl;27.10.2025;100363;;STREAM 90 ED;1;1;Stk;Nein;Nein;EUR;Euro;Netto;2;EU mit UStID;150;Design
70001;8,03412E+12;CVJN90.E0P2#ZZZ3461F;3847;2025;10136;Wandhaube 90cm Edelstahl;27.10.2025;100394;;VIRGOLA 90 EDELSTAHL ** neuer Filter **;3;3;Stk;Nein;Nein;EUR;Euro;Netto;2;EU mit UStID;151;Einbau
70001;8034122347004;CENI66.E0P6#ZZZN441F;4123;2025;10136;E.ion - Inselhaube inkl. Carbon.Zeo Filter;27.10.2025;100414;;MARE IS 66 SCHWARZ;3;3;Stk;Nein;Nein;EUR;Euro;Netto;2;EU mit UStID;110;E.ion System
70001;8,03412E+12;CSAI58.E0P7#ZZZF461F;3847;2025;10136;Circle.Tech - Inselhaube - 600mł/h;27.10.2025;101918;;SOFFIO IS 58CM - WEISS SATINIERT;3;3;Stk;Nein;Nein;EUR;Euro;Netto;2;EU mit UStID;190;Circle.Tech
70001;4,04629E+12;KACL.339;3847;2025;10136;zw. Falmec Flachkanal u System 222x89 - KACL.339;27.10.2025;101948;;ADAPTER FLACHKANAL 220x90;20;20;Stk;Nein;Nein;EUR;Euro;Netto;2;EU mit UStID;600;Zubehör
70001;8,03412E+12;CBRW90.00P8#ZZZN490F;3847;2025;10136;Induktionskochfeld mit Absaugung 89x51,5cm -800m/h;27.10.2025;101971;;BRERA 90;3;3;Stk;Nein;Nein;EUR;Euro;Netto;2;EU mit UStID;51;Muldenlüfter
70001;8,03412E+12;CZPI80.E0P7#ZZZH461F;3847;2025;10136;Circle.Tech - Inselhaube - 600mł/h;27.10.2025;102075;;SPAZIO IS 180CM - SCHWARZ;2;2;Stk;Nein;Nein;EUR;Euro;Netto;2;EU mit UStID;190;Circle.Tech
70001;8,03412E+12;CVYI20.E1P2#ZZZB400F;3847;2025;10136;Deckenlüfter 120cm Edelstahl - Haubenkörper;27.10.2025;102137;;ALBA 120CM - WEISS;2;2;Stk;Nein;Nein;EUR;Euro;Netto;2;EU mit UStID;150;Design
70001;8,03412E+12;KACL.162#A4F;3847;2025;10136;Lampe 22cm LED 4200K - kupfer antik KACL.162#A4F;27.10.2025;102305;;SOPHIE LAMPE 22CM - KUPFER ANTIK;2;2;Stk;Nein;Nein;EUR;Euro;Netto;2;EU mit UStID;600;Zubehör
70001;8,03412E+12;CLTI80.E0P2#NRSN451F;3847;2025;10136;Inselhaube 180 cm schwarz;27.10.2025;102624;;LIGHT IS 180 SCHWARZ;1;1;Stk;Nein;Nein;EUR;Euro;Netto;2;EU mit UStID;150;Design
70001;8,03412E+12;CLTI20.E0P2#NRSN451F;3847;2025;10136;Inselhaube 120 cm schwarz;27.10.2025;102625;;LIGHT IS 120 SCHWARZ;8;8;Stk;Nein;Nein;EUR;Euro;Netto;2;EU mit UStID;150;Design
70001;8,03412E+12;CVXN85.E1P2#ZZZN490F;3847;2025;10136;Wandhaube 85 cm Glas schwarz;27.10.2025;102638;;VERSO NRS 85 SCHWARZ;10;10;Stk;Nein;Nein;EUR;Euro;Netto;2;EU mit UStID;120;NRS System
70001;8,03412E+12;CVXN85.E1P2#ZZZF490F;3847;2025;10136;Wandhaube 85 cm Glas weiß;27.10.2025;102639;;VERSO NRS 85 WEISS;3;3;Stk;Nein;Nein;EUR;Euro;Netto;2;EU mit UStID;120;NRS System
70001;8,03412E+12;CLUN90.E14P2#NEUI490F;3847;2025;10136;Wandhaube 90cm Edelstahl;27.10.2025;102641;;LUMEN NRS W 90;2;2;Stk;Nein;Nein;EUR;Euro;Netto;2;EU mit UStID;120;NRS System
70001;8,03412E+12;KACL.1006;3847;2025;10136;KACL.1006 Carbon.Zeo Umluftfilter - Monolith/Brera;27.10.2025;102812;;FILTER CARBON.ZEO MONOLITH / BRERA;10;10;Stk;Nein;Nein;EUR;Euro;Netto;2;EU mit UStID;600;Zubehör
70001;8,03412E+12;KACL.1022#HF;3847;2025;10136;Gewürzregal mit zwei Ablagen KACL.1022#HF;27.10.2025;102948;;AIR WALL MAGNET GEWÜRZREGAL - AUSLAUF;1;1;Stk;Nein;Nein;EUR;Euro;Netto;2;EU mit UStID;600;Zubehör
70001;8,03412E+12;KACL.982#IF;3847;2025;10136;Edelstahl 200X440mm KACL.982#IF;27.10.2025;103013;;SIEB EDELSTAHL 200x440;1;1;Stk;Nein;Nein;EUR;Euro;Netto;2;EU mit UStID;43;Wasser Zubehör
70001;8,03412E+12;KACL.987#IF;3847;2025;10136;Druckknopfventil für Ablauf;27.10.2025;103033;;DRUCKKNOPFVENTIL EDELSTAHL;1;1;Stk;Nein;Nein;EUR;Euro;Netto;2;EU mit UStID;43;Wasser Zubehör
70001;8,03412E+12;CLUI75.E5P2#NEUI490F;3847;2025;10136;Inselhaube 175cm Edelstahl/Lichtleiste weiss;27.10.2025;103064;;LUMEN NRS IS 175  LINKS - !! NRS NEU !!;2;2;Stk;Nein;Nein;EUR;Euro;Netto;2;EU mit UStID;120;NRS System
70001;8,03412E+12;KACL.571#N;3847;2025;10136;Verlängerung Wandhaube 960mm NRS Schwarz;27.10.2025;103067;;SCHACHT H960 WAND NRS KACL.571#N SCHWARZ;1;1;Stk;Nein;Nein;EUR;Euro;Netto;2;EU mit UStID;600;Zubehör
70001;8,03412E+12;KACL.1026;3847;2025;10136;Silence Kit für Monolith und Brera KACL.1026;27.10.2025;103076;;SILENCE KIT;5;5;Stk;Nein;Nein;EUR;Euro;Netto;2;EU mit UStID;600;Zubehör
70001;8,03412E+12;CVJN75.E23P2#ZZZN490F;3847;2025;10136;Wandhaube 75 cm schwarz - 800m3/h;27.10.2025;103114;;VIRGOLA NO-DROP TOUCH 75 SCHWARZ;3;3;Stk;Nein;Nein;EUR;Euro;Netto;2;EU mit UStID;151;Einbau
70001;8,03412E+12;CLTI20.E0P2#BRSN451F;3847;2025;10136;Inselhaube 120 cm Bronze;27.10.2025;103130;;LIGHT IS 120 BRONZE;5;5;Stk;Nein;Nein;EUR;Euro;Netto;2;EU mit UStID;150;Design
70001;8,03412E+12;;3847;2025;10136;Wandhaube 60 cm schwarz - 800m3/h;27.10.2025;103178;;VIRGOLA TOUCH 60 SCHWARZ;30;30;Stk;Nein;Nein;EUR;Euro;Netto;2;EU mit UStID;151;Einbau
70001;8,03412E+12;CVJN90.E25P2#EUN490F;3847;2025;10136;Wandhaube 90 cm schwarz - 800m3/h;27.10.2025;103180;;VIRGOLA TOUCH 90 SCHWARZ;20;20;Stk;Nein;Nein;EUR;Euro;Netto;2;EU mit UStID;151;Einbau
70001;8,03412E+12;;3847;2025;10136;Wandhaube 90 cm Edelstahl- 800m3/h;27.10.2025;103187;;VIRGOLA TOUCH 90 EDELSTAHL;2;2;Stk;Nein;Nein;EUR;Euro;Netto;2;EU mit UStID;151;Einbau
70001;8,03412E+12;CPLI20.E23P2#EUB490F;3847;2025;10136;Inselhaube 120 cm Weiß;27.10.2025;103226;;PLANE (PLUS) IS 120 WEISS;1;1;Stk;Nein;Nein;EUR;Euro;Netto;2;EU mit UStID;150;Design
70001;8,03412E+12;CGIW50.E26P2#EUI490F;3847;2025;10136;Lüfterbaustein 50 cm - Edelstahl - 800mł/h;27.10.2025;103227;;LÜFTERBAUSTEIN (PLUS) 50 EDELSTAHL;5;5;Stk;Nein;Nein;EUR;Euro;Netto;2;EU mit UStID;151;Einbau
70001;8,03412E+12;CGIW05.E26P2#EUN490F;3847;2025;10136;Lüfterbaustein 105 cm - Schwarz - 800mł/h;27.10.2025;103234;;LÜFTERBAUSTEIN (PLUS) 105 SCHWARZ;2;2;Stk;Nein;Nein;EUR;Euro;Netto;2;EU mit UStID;151;Einbau
70001;8,03412E+12;CGPW90.E3P2#EUI490F;3847;2025;10136;Lüfterbaustein 90 cm - Edelstahl - 800mł/h;27.10.2025;103236;;LÜFTERBAUSTEIN NO-DROP (PLUS) 90 EDELSTAHL;2;2;Stk;Nein;Nein;EUR;Euro;Netto;2;EU mit UStID;151;Einbau
70001;8,03412E+12;CPLN90.E24P2#EUN490F;3847;2025;10136;Wandhaube 90 cm Schwarz;27.10.2025;103238;;PLANE NRS (PLUS) W 90 SCHWARZ;2;2;Stk;Nein;Nein;EUR;Euro;Netto;2;EU mit UStID;120;NRS System
70001;8,03412E+12;;3847;2025;10136;Inselhaube 90 cm Schwarz;27.10.2025;103240;;PLANE NRS (PLUS) IS 90 SCHWARZ;4;4;Stk;Nein;Nein;EUR;Euro;Netto;2;EU mit UStID;120;NRS System
70001;8,03412E+12;CGRW70.E3P2#EUI490F;3847;2025;10136;Lüfterbaustein 70cm Edelstahl - EEK A+;27.10.2025;103273;;LÜFTERBAUSTEIN (PLUS) 70  GREEN TECH;1;1;Stk;Nein;Nein;EUR;Euro;Netto;2;EU mit UStID;151;Einbau
70001;8,03412E+12;CVJN90.E29P2#EUN490F;3847;2025;10136;Einbauhaube 90cm Schwarz;27.10.2025;103326;;VIRGOLA TOUCH NRS 90 SCHWARZ;10;10;Stk;Nein;Nein;EUR;Euro;Netto;2;EU mit UStID;121;Einbau NRS
70001;8,03412E+12;;3847;2025;10136;Deckenlüfter 120cm Edelstahl - Haubenkörper;27.10.2025;103335;;STELLA (PLUS) 120 EDELSTAHL;1;1;Stk;Nein;Nein;EUR;Euro;Netto;2;EU mit UStID;150;Design
70001;8,03412E+12;CMFI40.E14P2#EUN490F;3847;2025;10136;Inselhaube 40cm schwarz;27.10.2025;103336;;MIRA (PLUS) IS 40 BLACK;3;3;Stk;Nein;Nein;EUR;Euro;Netto;2;EU mit UStID;170;sonstige Hauben Serien
70001;8,03412E+12;CMFN40.E10P2#EUN490F;3847;2025;10136;Wandhaube 40cm schwarz;27.10.2025;103337;;MIRA (PLUS) W 40 BLACK;1;1;Stk;Nein;Nein;EUR;Euro;Netto;2;EU mit UStID;170;sonstige Hauben Serien
70001;8,03412E+12;CMFN40.E11P2#EUI490F;3847;2025;10136;Wandhaube 40cm Edelstahl- teleskopierbar;27.10.2025;103340;;MIRA (PLUS) W 40  EDELSTAHL TELESKOP;1;1;Stk;Nein;Nein;EUR;Euro;Netto;2;EU mit UStID;150;Design
70001;8,03412E+12;KACL.1039;3847;2025;10136;KACL.1039 Carbon.Zeo Microtech;27.10.2025;103348;;UMLUFTFILTER - CARBON.ZEO MICROTECH - KACL.1039;50;50;Stk;Nein;Nein;EUR;Euro;Netto;2;EU mit UStID;600;Zubehör
70001;8,03412E+12;CLVI20.E1P7#ZZZ7461F;3847;2025;10136;Circle.Tech - Inselhaube - 600mł/h;27.10.2025;103393;;LEVANTE IS 120CM - GRAU ALL MATT- PLATTE SCHWARZ;15;15;Stk;Nein;Nein;EUR;Euro;Netto;2;EU mit UStID;190;Circle.Tech
70001;8,03412E+12;KACL.1043;3847;2025;10136;KACL.1043 Carbon.Zeo Microtech - regenerierbar;27.10.2025;103821;;UMLUFTFILTER MICROTECH - ZERO (EASY);5;5;Stk;Nein;Nein;EUR;Euro;Netto;2;EU mit UStID;600;Zubehör
70001;8,03412E+12;KACL.1054;3847;2025;10136;KACL.1054 Carbon.Zeo Microtech - regenerierbar;27.10.2025;103822;;UMLUFTFILTER MICROTECH - MONOLITH / BRERA;5;5;Stk;Nein;Nein;EUR;Euro;Netto;2;EU mit UStID;600;Zubehör
70001;8,03412E+12;KACL.1048;3847;2025;10136;KACL.1048 Carbon.Zeo Microtech - regenerierbar;27.10.2025;103824;;UMLUFTFILTER MICROTECH - CIRCLE.TECH SET;5;5;Stk;Nein;Nein;EUR;Euro;Netto;2;EU mit UStID;600;Zubehör
70001;8,03412E+12;CPON90.E11P2#EUI490F;3847;2025;10136;Wandhaube 35 cm Edelstahl;27.10.2025;103830;;POLAR EVO W 35 EDELSTAHL;1;1;Stk;Nein;Nein;EUR;Euro;Netto;2;EU mit UStID;150;Design
70001;8,03412E+12;CPON90.E11P2#EUN490F;3847;2025;10136;Wandhaube 35 cm schwarz;27.10.2025;103832;;POLAR EVO W 35 BLACK;1;1;Stk;Nein;Nein;EUR;Euro;Netto;2;EU mit UStID;170;sonstige Hauben Serien
70001;8,03412E+12;CPOI90.E11P2#EUI490F;3847;2025;10136;Inselhaube 35 cm Edelstahl;27.10.2025;103833;;POLAR EVO IS 35 EDELSTAHL;5;5;Stk;Nein;Nein;EUR;Euro;Netto;2;EU mit UStID;150;Design
70001;8,03412E+12;CUZQ90.06P8#ZZZC461F;3847;2025;10136;Induktionskochfeld mit Absaugung Umluft - 84cm;27.10.2025;103880;;ZERO EASY 84 - MATT UMLUFT;4;4;Stk;Nein;Nein;EUR;Euro;Netto;2;EU mit UStID;51;Muldenlüfter
70001;;;3847;2025;10136;78x51cm - 7.400W mit Fernbedienung für Dunstabzug;27.10.2025;103953;;INDUKTIONSKOCHFELD 78CM MATT NEU FERNB. EVTL UMBAU;2;2;Stk;Nein;Nein;EUR;Euro;Netto;2;EU mit UStID;52;Kochfelder
70001;;;3847;2025;10136;58x51cm - 7.400W mit Fernbedienung für Dunstabzug;27.10.2025;103954;;INDUKTIONSKOCHFELD 58CM MATT NEU FERNBE EVTL UMBAU;2;2;Stk;Nein;Nein;EUR;Euro;Netto;2;EU mit UStID;52;Kochfelder
